{"timestamp":"2026-06-09T07:44:06.763Z","event":"XSS_ATTEMPT","ip":"::1","url":"/api/orders?phone=13645653760"}
{"timestamp":"2026-06-09T07:45:06.750Z","event":"XSS_ATTEMPT","ip":"::1","url":"/api/orders?phone=13645653760"}
{"timestamp":"2026-06-09T07:46:06.758Z","event":"XSS_ATTEMPT","ip":"::1","url":"/api/orders?phone=13645653760"}
{"timestamp":"2026-06-09T07:46:45.726Z","event":"XSS_ATTEMPT","ip":"::1","url":"/api/orders?phone=13645653760"}
{"timestamp":"2026-06-09T07:46:45.743Z","event":"XSS_ATTEMPT","ip":"::1","url":"/api/orders?phone=13645653760"}
{"timestamp":"2026-06-09T07:46:47.023Z","event":"XSS_ATTEMPT","ip":"::1","url":"/api/wall/feed?tab=latest&phone=13645653760"}
{"timestamp":"2026-06-09T07:46:47.025Z","event":"XSS_ATTEMPT","ip":"::1","url":"/api/orders?phone=13645653760"}
{"timestamp":"2026-06-09T07:46:49.169Z","event":"XSS_ATTEMPT","ip":"::1","url":"/api/wall/feed?tab=hot&phone=13645653760"}
{"timestamp":"2026-06-09T07:46:53.557Z","event":"XSS_ATTEMPT","ip":"::1","url":"/api/wall/feed?tab=following&phone=13645653760"}
{"timestamp":"2026-06-09T07:46:57.074Z","event":"XSS_ATTEMPT","ip":"::1","url":"/api/orders?phone=13645653760"}
{"timestamp":"2026-06-09T07:47:07.073Z","event":"XSS_ATTEMPT","ip":"::1","url":"/api/orders?phone=13645653760"}
{"timestamp":"2026-06-09T07:47:13.425Z","event":"XSS_ATTEMPT","ip":"::1","url":"/api/wall/feed?tab=hot&phone=13645653760"}
{"timestamp":"2026-06-09T07:47:17.072Z","event":"XSS_ATTEMPT","ip":"::1","url":"/api/orders?phone=13645653760"}
{"timestamp":"2026-06-09T07:47:17.346Z","event":"XSS_ATTEMPT","ip":"::1","url":"/api/wall/feed?tab=latest&phone=13645653760"}
{"timestamp":"2026-06-09T07:47:27.077Z","event":"XSS_ATTEMPT","ip":"::1","url":"/api/orders?phone=13645653760"}
{"timestamp":"2026-06-09T07:47:37.070Z","event":"XSS_ATTEMPT","ip":"::1","url":"/api/orders?phone=13645653760"}
{"timestamp":"2026-06-09T07:47:47.079Z","event":"XSS_ATTEMPT","ip":"::1","url":"/api/orders?phone=13645653760"}
{"timestamp":"2026-06-09T07:47:49.848Z","event":"RATE_LIMIT_EXCEEDED","ip":"::1","count":101}
{"timestamp":"2026-06-09T07:56:30.212Z","event":"XSS_ATTEMPT","ip":"::1","url":"/api/orders?phone=13645653760"}
{"timestamp":"2026-06-09T07:56:30.210Z","event":"XSS_ATTEMPT","ip":"::1","url":"/api/wall/feed?tab=latest&phone=13645653760"}
{"timestamp":"2026-06-09T07:56:32.483Z","event":"XSS_ATTEMPT","ip":"::1","url":"/api/wall/feed?tab=hot&phone=13645653760"}
{"timestamp":"2026-06-09T07:56:34.747Z","event":"XSS_ATTEMPT","ip":"::1","url":"/api/wall/feed?tab=latest&phone=13645653760"}
{"timestamp":"2026-06-09T07:56:40.256Z","event":"XSS_ATTEMPT","ip":"::1","url":"/api/orders?phone=13645653760"}
{"timestamp":"2026-06-09T07:56:50.259Z","event":"XSS_ATTEMPT","ip":"::1","url":"/api/orders?phone=13645653760"}
{"timestamp":"2026-06-09T07:57:00.271Z","event":"XSS_ATTEMPT","ip":"::1","url":"/api/orders?phone=13645653760"}
{"timestamp":"2026-06-09T07:57:10.250Z","event":"XSS_ATTEMPT","ip":"::1","url":"/api/orders?phone=13645653760"}
{"timestamp":"2026-06-09T07:57:20.261Z","event":"XSS_ATTEMPT","ip":"::1","url":"/api/orders?phone=13645653760"}
{"timestamp":"2026-06-09T07:57:30.273Z","event":"XSS_ATTEMPT","ip":"::1","url":"/api/orders?phone=13645653760"}
{"timestamp":"2026-06-09T07:57:40.257Z","event":"XSS_ATTEMPT","ip":"::1","url":"/api/orders?phone=13645653760"}
{"timestamp":"2026-06-09T07:57:50.263Z","event":"XSS_ATTEMPT","ip":"::1","url":"/api/orders?phone=13645653760"}
{"timestamp":"2026-06-09T07:58:00.265Z","event":"XSS_ATTEMPT","ip":"::1","url":"/api/orders?phone=13645653760"}
{"timestamp":"2026-06-09T07:58:10.260Z","event":"XSS_ATTEMPT","ip":"::1","url":"/api/orders?phone=13645653760"}
{"timestamp":"2026-06-09T07:58:20.263Z","event":"XSS_ATTEMPT","ip":"::1","url":"/api/orders?phone=13645653760"}
{"timestamp":"2026-06-09T07:58:30.265Z","event":"XSS_ATTEMPT","ip":"::1","url":"/api/orders?phone=13645653760"}
{"timestamp":"2026-06-09T07:58:38.549Z","event":"RATE_LIMIT_EXCEEDED","ip":"::1","count":101}
{"timestamp":"2026-06-09T08:08:05.747Z","event":"RATE_LIMIT_EXCEEDED","ip":"::1","count":101}
{"timestamp":"2026-06-09T08:34:06.759Z","event":"RATE_LIMIT_EXCEEDED","ip":"::1","count":101}
{"timestamp":"2026-06-09T08:43:05.746Z","event":"RATE_LIMIT_EXCEEDED","ip":"::1","count":101}
{"timestamp":"2026-06-09T09:14:25.955Z","event":"RATE_LIMIT_EXCEEDED","ip":"::1","count":101}
{"timestamp":"2026-06-09T09:23:57.660Z","event":"RATE_LIMIT_EXCEEDED","ip":"::1","count":101}
{"timestamp":"2026-06-09T09:23:57.777Z","event":"RATE_LIMIT_EXCEEDED","ip":"::1","count":102}
{"timestamp":"2026-06-09T09:23:57.781Z","event":"RATE_LIMIT_EXCEEDED","ip":"::1","count":103}
{"timestamp":"2026-06-09T09:23:57.785Z","event":"RATE_LIMIT_EXCEEDED","ip":"::1","count":104}
{"timestamp":"2026-06-09T09:23:57.788Z","event":"RATE_LIMIT_EXCEEDED","ip":"::1","count":105}
{"timestamp":"2026-06-09T09:23:57.792Z","event":"RATE_LIMIT_EXCEEDED","ip":"::1","count":106}
{"timestamp":"2026-06-09T09:23:57.795Z","event":"RATE_LIMIT_EXCEEDED","ip":"::1","count":107}
{"timestamp":"2026-06-09T09:23:57.798Z","event":"RATE_LIMIT_EXCEEDED","ip":"::1","count":108}
{"timestamp":"2026-06-09T09:23:57.802Z","event":"RATE_LIMIT_EXCEEDED","ip":"::1","count":109}
{"timestamp":"2026-06-09T09:23:57.806Z","event":"RATE_LIMIT_EXCEEDED","ip":"::1","count":110}
{"timestamp":"2026-06-09T09:23:57.810Z","event":"RATE_LIMIT_EXCEEDED","ip":"::1","count":111}
{"timestamp":"2026-06-09T09:23:57.813Z","event":"RATE_LIMIT_EXCEEDED","ip":"::1","count":112}
{"timestamp":"2026-06-09T09:23:57.817Z","event":"RATE_LIMIT_EXCEEDED","ip":"::1","count":113}
{"timestamp":"2026-06-09T09:23:57.820Z","event":"RATE_LIMIT_EXCEEDED","ip":"::1","count":114}
{"timestamp":"2026-06-09T09:23:57.824Z","event":"RATE_LIMIT_EXCEEDED","ip":"::1","count":115}
{"timestamp":"2026-06-09T09:23:57.827Z","event":"RATE_LIMIT_EXCEEDED","ip":"::1","count":116}
{"timestamp":"2026-06-09T09:23:57.831Z","event":"RATE_LIMIT_EXCEEDED","ip":"::1","count":117}
{"timestamp":"2026-06-09T09:23:57.834Z","event":"RATE_LIMIT_EXCEEDED","ip":"::1","count":118}
{"timestamp":"2026-06-09T09:23:57.838Z","event":"RATE_LIMIT_EXCEEDED","ip":"::1","count":119}
{"timestamp":"2026-06-09T09:23:57.841Z","event":"RATE_LIMIT_EXCEEDED","ip":"::1","count":120}
{"timestamp":"2026-06-09T09:23:57.844Z","event":"RATE_LIMIT_EXCEEDED","ip":"::1","count":121}
{"timestamp":"2026-06-09T09:23:57.847Z","event":"RATE_LIMIT_EXCEEDED","ip":"::1","count":122}
{"timestamp":"2026-06-09T09:23:57.853Z","event":"RATE_LIMIT_EXCEEDED","ip":"::1","count":123}
{"timestamp":"2026-06-09T09:23:57.857Z","event":"RATE_LIMIT_EXCEEDED","ip":"::1","count":124}
{"timestamp":"2026-06-09T09:23:57.860Z","event":"RATE_LIMIT_EXCEEDED","ip":"::1","count":125}
{"timestamp":"2026-06-09T09:23:57.863Z","event":"RATE_LIMIT_EXCEEDED","ip":"::1","count":126}
{"timestamp":"2026-06-09T09:23:57.867Z","event":"RATE_LIMIT_EXCEEDED","ip":"::1","count":127}
{"timestamp":"2026-06-09T09:23:57.870Z","event":"RATE_LIMIT_EXCEEDED","ip":"::1","count":128}
{"timestamp":"2026-06-09T09:23:57.874Z","event":"RATE_LIMIT_EXCEEDED","ip":"::1","count":129}
{"timestamp":"2026-06-09T09:23:57.877Z","event":"RATE_LIMIT_EXCEEDED","ip":"::1","count":130}
{"timestamp":"2026-06-09T09:23:57.880Z","event":"RATE_LIMIT_EXCEEDED","ip":"::1","count":131}
{"timestamp":"2026-06-09T09:23:57.884Z","event":"RATE_LIMIT_EXCEEDED","ip":"::1","count":132}
{"timestamp":"2026-06-09T09:23:57.894Z","event":"RATE_LIMIT_EXCEEDED","ip":"::1","count":133}
{"timestamp":"2026-06-09T09:23:57.899Z","event":"RATE_LIMIT_EXCEEDED","ip":"::1","count":134}
{"timestamp":"2026-06-09T09:23:57.903Z","event":"RATE_LIMIT_EXCEEDED","ip":"::1","count":135}
{"timestamp":"2026-06-09T09:23:57.907Z","event":"RATE_LIMIT_EXCEEDED","ip":"::1","count":136}
{"timestamp":"2026-06-09T09:23:57.910Z","event":"RATE_LIMIT_EXCEEDED","ip":"::1","count":137}
{"timestamp":"2026-06-09T09:23:57.914Z","event":"RATE_LIMIT_EXCEEDED","ip":"::1","count":138}
{"timestamp":"2026-06-09T09:23:57.918Z","event":"RATE_LIMIT_EXCEEDED","ip":"::1","count":139}
{"timestamp":"2026-06-09T09:23:57.922Z","event":"RATE_LIMIT_EXCEEDED","ip":"::1","count":140}
{"timestamp":"2026-06-09T09:23:57.925Z","event":"RATE_LIMIT_EXCEEDED","ip":"::1","count":141}
{"timestamp":"2026-06-09T09:23:57.928Z","event":"RATE_LIMIT_EXCEEDED","ip":"::1","count":142}
{"timestamp":"2026-06-09T09:23:57.932Z","event":"RATE_LIMIT_EXCEEDED","ip":"::1","count":143}
{"timestamp":"2026-06-09T09:23:57.937Z","event":"RATE_LIMIT_EXCEEDED","ip":"::1","count":144}
{"timestamp":"2026-06-09T09:23:57.940Z","event":"RATE_LIMIT_EXCEEDED","ip":"::1","count":145}
{"timestamp":"2026-06-09T09:23:57.943Z","event":"RATE_LIMIT_EXCEEDED","ip":"::1","count":146}
{"timestamp":"2026-06-09T09:23:57.947Z","event":"RATE_LIMIT_EXCEEDED","ip":"::1","count":147}
{"timestamp":"2026-06-09T09:23:57.951Z","event":"RATE_LIMIT_EXCEEDED","ip":"::1","count":148}
{"timestamp":"2026-06-09T09:23:57.954Z","event":"RATE_LIMIT_EXCEEDED","ip":"::1","count":149}
{"timestamp":"2026-06-09T09:23:57.958Z","event":"RATE_LIMIT_EXCEEDED","ip":"::1","count":150}
{"timestamp":"2026-06-09T09:24:06.745Z","event":"RATE_LIMIT_EXCEEDED","ip":"::1","count":151}
{"timestamp":"2026-06-09T09:24:06.750Z","event":"RATE_LIMIT_EXCEEDED","ip":"::1","count":152}
{"timestamp":"2026-06-09T09:24:06.751Z","event":"RATE_LIMIT_EXCEEDED","ip":"::1","count":153}
{"timestamp":"2026-06-09T09:24:06.752Z","event":"RATE_LIMIT_EXCEEDED","ip":"::1","count":154}
{"timestamp":"2026-06-09T09:24:06.756Z","event":"RATE_LIMIT_EXCEEDED","ip":"::1","count":155}
{"timestamp":"2026-06-09T09:24:06.757Z","event":"RATE_LIMIT_EXCEEDED","ip":"::1","count":156}
{"timestamp":"2026-06-09T09:25:52.747Z","event":"RATE_LIMIT_EXCEEDED","ip":"::1","count":101}
{"timestamp":"2026-06-09T09:25:52.748Z","event":"RATE_LIMIT_EXCEEDED","ip":"::1","count":102}
{"timestamp":"2026-06-09T09:25:52.753Z","event":"RATE_LIMIT_EXCEEDED","ip":"::1","count":103}
{"timestamp":"2026-06-09T09:25:52.754Z","event":"RATE_LIMIT_EXCEEDED","ip":"::1","count":104}
{"timestamp":"2026-06-09T09:25:57.746Z","event":"RATE_LIMIT_EXCEEDED","ip":"::1","count":105}
{"timestamp":"2026-06-09T09:26:02.746Z","event":"RATE_LIMIT_EXCEEDED","ip":"::1","count":106}
{"timestamp":"2026-06-09T09:26:02.750Z","event":"RATE_LIMIT_EXCEEDED","ip":"::1","count":107}
{"timestamp":"2026-06-09T09:26:02.752Z","event":"RATE_LIMIT_EXCEEDED","ip":"::1","count":108}
{"timestamp":"2026-06-09T09:26:04.746Z","event":"RATE_LIMIT_EXCEEDED","ip":"::1","count":109}
{"timestamp":"2026-06-09T10:22:27.314Z","event":"RATE_LIMIT_EXCEEDED","ip":"::1","type":"upload","count":11,"limit":10,"windowMs":60000,"url":"/uploads/avatars/user-1780488213066-coxqv0.png"}
{"timestamp":"2026-06-09T10:22:27.318Z","event":"RATE_LIMIT_EXCEEDED","ip":"::1","type":"upload","count":12,"limit":10,"windowMs":60000,"url":"/uploads/ads/ad-1780455655713-i8komq.jpg"}
{"timestamp":"2026-06-09T10:22:27.337Z","event":"RATE_LIMIT_EXCEEDED","ip":"::1","type":"upload","count":13,"limit":10,"windowMs":60000,"url":"/uploads/avatars/user-1780488213066-coxqv0.png"}
{"timestamp":"2026-06-09T10:22:27.593Z","event":"RATE_LIMIT_EXCEEDED","ip":"::1","type":"upload","count":14,"limit":10,"windowMs":60000,"url":"/uploads/avatars/user-1780488213066-coxqv0.png"}
{"timestamp":"2026-06-09T10:22:27.606Z","event":"RATE_LIMIT_EXCEEDED","ip":"::1","type":"upload","count":15,"limit":10,"windowMs":60000,"url":"/uploads/ads/ad-1780455655713-i8komq.jpg"}
{"timestamp":"2026-06-09T10:22:27.607Z","event":"RATE_LIMIT_EXCEEDED","ip":"::1","type":"upload","count":16,"limit":10,"windowMs":60000,"url":"/uploads/avatars/user-1780488213066-coxqv0.png"}
{"timestamp":"2026-06-09T10:22:27.731Z","event":"RATE_LIMIT_EXCEEDED","ip":"::1","type":"upload","count":17,"limit":10,"windowMs":60000,"url":"/uploads/avatars/user-1780488213066-coxqv0.png"}
{"timestamp":"2026-06-09T10:22:27.745Z","event":"RATE_LIMIT_EXCEEDED","ip":"::1","type":"upload","count":18,"limit":10,"windowMs":60000,"url":"/uploads/ads/ad-1780455655713-i8komq.jpg"}
{"timestamp":"2026-06-09T10:22:27.747Z","event":"RATE_LIMIT_EXCEEDED","ip":"::1","type":"upload","count":19,"limit":10,"windowMs":60000,"url":"/uploads/avatars/user-1780488213066-coxqv0.png"}
{"timestamp":"2026-06-09T10:22:31.754Z","event":"RATE_LIMIT_EXCEEDED","ip":"::1","type":"upload","count":19,"limit":10,"windowMs":60000,"url":"/uploads/ads/ad-1780456300523-5owfd7.png"}
{"timestamp":"2026-06-09T10:22:35.756Z","event":"RATE_LIMIT_EXCEEDED","ip":"::1","type":"upload","count":19,"limit":10,"windowMs":60000,"url":"/uploads/ads/ad-1780456726799-nwarwp.png"}
{"timestamp":"2026-06-09T10:22:36.500Z","event":"RATE_LIMIT_EXCEEDED","ip":"::1","type":"upload","count":20,"limit":10,"windowMs":60000,"url":"/uploads/avatars/user-1780488213066-coxqv0.png"}
{"timestamp":"2026-06-09T10:22:37.748Z","event":"RATE_LIMIT_EXCEEDED","ip":"::1","type":"upload","count":21,"limit":10,"windowMs":60000,"url":"/uploads/avatars/user-1780488213066-coxqv0.png"}
{"timestamp":"2026-06-09T10:22:38.555Z","event":"RATE_LIMIT_EXCEEDED","ip":"::1","type":"upload","count":22,"limit":10,"windowMs":60000,"url":"/uploads/avatars/user-1780488213066-coxqv0.png"}
{"timestamp":"2026-06-09T10:22:38.575Z","event":"RATE_LIMIT_EXCEEDED","ip":"::1","type":"upload","count":24,"limit":10,"windowMs":60000,"url":"/uploads/avatars/user-1780488213066-coxqv0.png"}
{"timestamp":"2026-06-09T10:22:38.573Z","event":"RATE_LIMIT_EXCEEDED","ip":"::1","type":"upload","count":23,"limit":10,"windowMs":60000,"url":"/uploads/ads/ad-1780455655713-i8komq.jpg"}
{"timestamp":"2026-06-09T10:22:39.585Z","event":"RATE_LIMIT_EXCEEDED","ip":"::1","type":"upload","count":25,"limit":10,"windowMs":60000,"url":"/uploads/avatars/user-1780488213066-coxqv0.png"}
{"timestamp":"2026-06-09T10:22:39.606Z","event":"RATE_LIMIT_EXCEEDED","ip":"::1","type":"upload","count":26,"limit":10,"windowMs":60000,"url":"/uploads/ads/ad-1780455655713-i8komq.jpg"}
{"timestamp":"2026-06-09T10:22:39.607Z","event":"RATE_LIMIT_EXCEEDED","ip":"::1","type":"upload","count":27,"limit":10,"windowMs":60000,"url":"/uploads/avatars/user-1780488213066-coxqv0.png"}
{"timestamp":"2026-06-09T10:22:40.130Z","event":"RATE_LIMIT_EXCEEDED","ip":"::1","type":"upload","count":28,"limit":10,"windowMs":60000,"url":"/uploads/avatars/user-1780488213066-coxqv0.png"}
{"timestamp":"2026-06-09T10:22:40.143Z","event":"RATE_LIMIT_EXCEEDED","ip":"::1","type":"upload","count":29,"limit":10,"windowMs":60000,"url":"/uploads/ads/ad-1780455655713-i8komq.jpg"}
{"timestamp":"2026-06-09T10:22:40.145Z","event":"RATE_LIMIT_EXCEEDED","ip":"::1","type":"upload","count":30,"limit":10,"windowMs":60000,"url":"/uploads/avatars/user-1780488213066-coxqv0.png"}
{"timestamp":"2026-06-09T10:22:40.293Z","event":"RATE_LIMIT_EXCEEDED","ip":"::1","type":"upload","count":31,"limit":10,"windowMs":60000,"url":"/uploads/avatars/user-1780488213066-coxqv0.png"}
{"timestamp":"2026-06-09T10:22:40.309Z","event":"RATE_LIMIT_EXCEEDED","ip":"::1","type":"upload","count":32,"limit":10,"windowMs":60000,"url":"/uploads/ads/ad-1780455655713-i8komq.jpg"}
{"timestamp":"2026-06-09T10:22:40.310Z","event":"RATE_LIMIT_EXCEEDED","ip":"::1","type":"upload","count":33,"limit":10,"windowMs":60000,"url":"/uploads/avatars/user-1780488213066-coxqv0.png"}
{"timestamp":"2026-06-09T10:22:40.529Z","event":"RATE_LIMIT_EXCEEDED","ip":"::1","type":"upload","count":34,"limit":10,"windowMs":60000,"url":"/uploads/avatars/user-1780488213066-coxqv0.png"}
{"timestamp":"2026-06-09T10:22:40.532Z","event":"RATE_LIMIT_EXCEEDED","ip":"::1","type":"browse","count":301,"limit":300,"windowMs":60000,"url":"/api/users/13645653760"}
{"timestamp":"2026-06-09T10:22:40.533Z","event":"RATE_LIMIT_EXCEEDED","ip":"::1","type":"browse","count":302,"limit":300,"windowMs":60000,"url":"/api/wall/my-stats/13645653760"}
{"timestamp":"2026-06-09T10:22:40.534Z","event":"RATE_LIMIT_EXCEEDED","ip":"::1","type":"browse","count":303,"limit":300,"windowMs":60000,"url":"/api/market/items?page=1&limit=10"}
{"timestamp":"2026-06-09T10:22:40.535Z","event":"RATE_LIMIT_EXCEEDED","ip":"::1","type":"browse","count":304,"limit":300,"windowMs":60000,"url":"/api/chat/unread"}
{"timestamp":"2026-06-09T10:22:40.536Z","event":"RATE_LIMIT_EXCEEDED","ip":"::1","type":"browse","count":305,"limit":300,"windowMs":60000,"url":"/api/notifications/13645653760"}
{"timestamp":"2026-06-09T10:22:40.537Z","event":"RATE_LIMIT_EXCEEDED","ip":"::1","type":"upload","count":35,"limit":10,"windowMs":60000,"url":"/uploads/ads/ad-1780455655713-i8komq.jpg"}
{"timestamp":"2026-06-09T10:22:41.807Z","event":"RATE_LIMIT_EXCEEDED","ip":"::1","type":"browse","count":305,"limit":300,"windowMs":60000,"url":"/api/ads/9/view"}
{"timestamp":"2026-06-09T10:22:41.808Z","event":"RATE_LIMIT_EXCEEDED","ip":"::1","type":"upload","count":36,"limit":10,"windowMs":60000,"url":"/uploads/ads/ad-1780456300523-5owfd7.png"}
{"timestamp":"2026-06-09T10:22:42.227Z","event":"RATE_LIMIT_EXCEEDED","ip":"::1","type":"browse","count":306,"limit":300,"windowMs":60000,"url":"/api/ads/10/view"}
{"timestamp":"2026-06-09T10:22:42.229Z","event":"RATE_LIMIT_EXCEEDED","ip":"::1","type":"upload","count":37,"limit":10,"windowMs":60000,"url":"/uploads/ads/ad-1780456726799-nwarwp.png"}
{"timestamp":"2026-06-09T10:22:42.401Z","event":"RATE_LIMIT_EXCEEDED","ip":"::1","type":"upload","count":38,"limit":10,"windowMs":60000,"url":"/uploads/ads/ad-1780455655713-i8komq.jpg"}
{"timestamp":"2026-06-09T10:22:42.594Z","event":"RATE_LIMIT_EXCEEDED","ip":"::1","type":"upload","count":39,"limit":10,"windowMs":60000,"url":"/uploads/ads/ad-1780456300523-5owfd7.png"}
{"timestamp":"2026-06-09T10:22:42.931Z","event":"RATE_LIMIT_EXCEEDED","ip":"::1","type":"upload","count":40,"limit":10,"windowMs":60000,"url":"/uploads/ads/ad-1780456726799-nwarwp.png"}
{"timestamp":"2026-06-09T10:22:43.067Z","event":"RATE_LIMIT_EXCEEDED","ip":"::1","type":"upload","count":41,"limit":10,"windowMs":60000,"url":"/uploads/ads/ad-1780455655713-i8komq.jpg"}
{"timestamp":"2026-06-09T10:22:47.753Z","event":"RATE_LIMIT_EXCEEDED","ip":"::1","type":"upload","count":40,"limit":10,"windowMs":60000,"url":"/uploads/ads/ad-1780456300523-5owfd7.png"}
{"timestamp":"2026-06-09T10:22:50.768Z","event":"RATE_LIMIT_EXCEEDED","ip":"::1","type":"upload","count":40,"limit":10,"windowMs":60000,"url":"/uploads/avatars/user-1780488213066-coxqv0.png"}
{"timestamp":"2026-06-09T10:22:51.751Z","event":"RATE_LIMIT_EXCEEDED","ip":"::1","type":"upload","count":41,"limit":10,"windowMs":60000,"url":"/uploads/ads/ad-1780456726799-nwarwp.png"}
{"timestamp":"2026-06-09T10:22:55.747Z","event":"RATE_LIMIT_EXCEEDED","ip":"::1","type":"upload","count":41,"limit":10,"windowMs":60000,"url":"/uploads/ads/ad-1780455655713-i8komq.jpg"}
{"timestamp":"2026-06-09T10:22:59.746Z","event":"RATE_LIMIT_EXCEEDED","ip":"::1","type":"upload","count":41,"limit":10,"windowMs":60000,"url":"/uploads/ads/ad-1780456300523-5owfd7.png"}
{"timestamp":"2026-06-09T10:23:00.763Z","event":"RATE_LIMIT_EXCEEDED","ip":"::1","type":"upload","count":41,"limit":10,"windowMs":60000,"url":"/uploads/avatars/user-1780488213066-coxqv0.png"}
{"timestamp":"2026-06-09T10:23:03.743Z","event":"RATE_LIMIT_EXCEEDED","ip":"::1","type":"upload","count":42,"limit":10,"windowMs":60000,"url":"/uploads/ads/ad-1780456726799-nwarwp.png"}
{"timestamp":"2026-06-09T10:23:07.758Z","event":"RATE_LIMIT_EXCEEDED","ip":"::1","type":"upload","count":43,"limit":10,"windowMs":60000,"url":"/uploads/ads/ad-1780455655713-i8komq.jpg"}
{"timestamp":"2026-06-09T10:23:10.766Z","event":"RATE_LIMIT_EXCEEDED","ip":"::1","type":"upload","count":44,"limit":10,"windowMs":60000,"url":"/uploads/avatars/user-1780488213066-coxqv0.png"}
{"timestamp":"2026-06-09T10:23:11.751Z","event":"RATE_LIMIT_EXCEEDED","ip":"::1","type":"upload","count":45,"limit":10,"windowMs":60000,"url":"/uploads/ads/ad-1780456300523-5owfd7.png"}
{"timestamp":"2026-06-09T10:23:15.748Z","event":"RATE_LIMIT_EXCEEDED","ip":"::1","type":"upload","count":46,"limit":10,"windowMs":60000,"url":"/uploads/ads/ad-1780456726799-nwarwp.png"}
{"timestamp":"2026-06-09T10:23:19.749Z","event":"RATE_LIMIT_EXCEEDED","ip":"::1","type":"upload","count":47,"limit":10,"windowMs":60000,"url":"/uploads/ads/ad-1780455655713-i8komq.jpg"}
{"timestamp":"2026-06-09T10:23:20.762Z","event":"RATE_LIMIT_EXCEEDED","ip":"::1","type":"upload","count":48,"limit":10,"windowMs":60000,"url":"/uploads/avatars/user-1780488213066-coxqv0.png"}
{"timestamp":"2026-06-09T10:23:23.748Z","event":"RATE_LIMIT_EXCEEDED","ip":"::1","type":"upload","count":49,"limit":10,"windowMs":60000,"url":"/uploads/ads/ad-1780456300523-5owfd7.png"}
{"timestamp":"2026-06-09T10:23:27.749Z","event":"RATE_LIMIT_EXCEEDED","ip":"::1","type":"upload","count":39,"limit":10,"windowMs":60000,"url":"/uploads/ads/ad-1780456726799-nwarwp.png"}
{"timestamp":"2026-06-09T10:23:30.761Z","event":"RATE_LIMIT_EXCEEDED","ip":"::1","type":"upload","count":40,"limit":10,"windowMs":60000,"url":"/uploads/avatars/user-1780488213066-coxqv0.png"}
{"timestamp":"2026-06-09T10:23:31.746Z","event":"RATE_LIMIT_EXCEEDED","ip":"::1","type":"upload","count":41,"limit":10,"windowMs":60000,"url":"/uploads/ads/ad-1780455655713-i8komq.jpg"}
{"timestamp":"2026-06-09T10:23:35.745Z","event":"RATE_LIMIT_EXCEEDED","ip":"::1","type":"upload","count":41,"limit":10,"windowMs":60000,"url":"/uploads/ads/ad-1780456300523-5owfd7.png"}
{"timestamp":"2026-06-09T10:23:39.749Z","event":"RATE_LIMIT_EXCEEDED","ip":"::1","type":"upload","count":33,"limit":10,"windowMs":60000,"url":"/uploads/ads/ad-1780456726799-nwarwp.png"}
{"timestamp":"2026-06-09T10:23:40.766Z","event":"RATE_LIMIT_EXCEEDED","ip":"::1","type":"upload","count":26,"limit":10,"windowMs":60000,"url":"/uploads/avatars/user-1780488213066-coxqv0.png"}
{"timestamp":"2026-06-09T10:23:43.747Z","event":"RATE_LIMIT_EXCEEDED","ip":"::1","type":"upload","count":21,"limit":10,"windowMs":60000,"url":"/uploads/ads/ad-1780455655713-i8komq.jpg"}
{"timestamp":"2026-06-09T10:23:44.462Z","event":"RATE_LIMIT_EXCEEDED","ip":"::1","type":"upload","count":22,"limit":10,"windowMs":60000,"url":"/uploads/avatars/user-1780488213066-coxqv0.png"}
{"timestamp":"2026-06-09T10:23:46.507Z","event":"RATE_LIMIT_EXCEEDED","ip":"::1","type":"upload","count":23,"limit":10,"windowMs":60000,"url":"/uploads/avatars/user-1780488213066-coxqv0.png"}
{"timestamp":"2026-06-09T10:23:46.522Z","event":"RATE_LIMIT_EXCEEDED","ip":"::1","type":"upload","count":24,"limit":10,"windowMs":60000,"url":"/uploads/ads/ad-1780455655713-i8komq.jpg"}
{"timestamp":"2026-06-09T10:23:46.529Z","event":"RATE_LIMIT_EXCEEDED","ip":"::1","type":"upload","count":25,"limit":10,"windowMs":60000,"url":"/uploads/avatars/user-1780488213066-coxqv0.png"}
{"timestamp":"2026-06-09T10:23:47.282Z","event":"RATE_LIMIT_EXCEEDED","ip":"::1","type":"upload","count":26,"limit":10,"windowMs":60000,"url":"/uploads/avatars/user-1780488213066-coxqv0.png"}
{"timestamp":"2026-06-09T10:23:47.296Z","event":"RATE_LIMIT_EXCEEDED","ip":"::1","type":"upload","count":27,"limit":10,"windowMs":60000,"url":"/uploads/ads/ad-1780455655713-i8komq.jpg"}
{"timestamp":"2026-06-09T10:23:47.297Z","event":"RATE_LIMIT_EXCEEDED","ip":"::1","type":"upload","count":28,"limit":10,"windowMs":60000,"url":"/uploads/avatars/user-1780488213066-coxqv0.png"}
{"timestamp":"2026-06-09T10:23:51.757Z","event":"RATE_LIMIT_EXCEEDED","ip":"::1","type":"upload","count":26,"limit":10,"windowMs":60000,"url":"/uploads/ads/ad-1780456300523-5owfd7.png"}
{"timestamp":"2026-06-09T10:23:55.754Z","event":"RATE_LIMIT_EXCEEDED","ip":"::1","type":"upload","count":26,"limit":10,"windowMs":60000,"url":"/uploads/ads/ad-1780456726799-nwarwp.png"}
{"timestamp":"2026-06-09T10:23:57.761Z","event":"RATE_LIMIT_EXCEEDED","ip":"::1","type":"upload","count":27,"limit":10,"windowMs":60000,"url":"/uploads/avatars/user-1780488213066-coxqv0.png"}
{"timestamp":"2026-06-09T10:23:59.757Z","event":"RATE_LIMIT_EXCEEDED","ip":"::1","type":"upload","count":27,"limit":10,"windowMs":60000,"url":"/uploads/ads/ad-1780455655713-i8komq.jpg"}
{"timestamp":"2026-06-09T10:24:03.743Z","event":"RATE_LIMIT_EXCEEDED","ip":"::1","type":"upload","count":27,"limit":10,"windowMs":60000,"url":"/uploads/ads/ad-1780456300523-5owfd7.png"}
{"timestamp":"2026-06-09T10:24:07.745Z","event":"RATE_LIMIT_EXCEEDED","ip":"::1","type":"upload","count":27,"limit":10,"windowMs":60000,"url":"/uploads/ads/ad-1780456726799-nwarwp.png"}
{"timestamp":"2026-06-09T10:24:07.760Z","event":"RATE_LIMIT_EXCEEDED","ip":"::1","type":"upload","count":27,"limit":10,"windowMs":60000,"url":"/uploads/avatars/user-1780488213066-coxqv0.png"}
{"timestamp":"2026-06-09T10:24:08.179Z","event":"RATE_LIMIT_EXCEEDED","ip":"::1","type":"upload","count":28,"limit":10,"windowMs":60000,"url":"/uploads/avatars/user-1780488213066-coxqv0.png"}
{"timestamp":"2026-06-09T10:24:10.408Z","event":"RATE_LIMIT_EXCEEDED","ip":"::1","type":"upload","count":29,"limit":10,"windowMs":60000,"url":"/uploads/avatars/user-1780488213066-coxqv0.png"}
{"timestamp":"2026-06-09T10:24:10.420Z","event":"RATE_LIMIT_EXCEEDED","ip":"::1","type":"upload","count":30,"limit":10,"windowMs":60000,"url":"/uploads/ads/ad-1780455655713-i8komq.jpg"}
{"timestamp":"2026-06-09T10:24:10.425Z","event":"RATE_LIMIT_EXCEEDED","ip":"::1","type":"upload","count":31,"limit":10,"windowMs":60000,"url":"/uploads/avatars/user-1780488213066-coxqv0.png"}
{"timestamp":"2026-06-09T10:24:14.419Z","event":"RATE_LIMIT_EXCEEDED","ip":"::1","type":"upload","count":30,"limit":10,"windowMs":60000,"url":"/uploads/ads/ad-1780456300523-5owfd7.png"}
{"timestamp":"2026-06-09T10:24:18.420Z","event":"RATE_LIMIT_EXCEEDED","ip":"::1","type":"upload","count":30,"limit":10,"windowMs":60000,"url":"/uploads/ads/ad-1780456726799-nwarwp.png"}
{"timestamp":"2026-06-09T10:24:28.332Z","event":"RATE_LIMIT_EXCEEDED","ip":"::1","type":"upload","count":27,"limit":10,"windowMs":60000,"url":"/uploads/ads/ad-1780455655713-i8komq.jpg"}
{"timestamp":"2026-06-09T10:24:28.343Z","event":"RATE_LIMIT_EXCEEDED","ip":"::1","type":"upload","count":28,"limit":10,"windowMs":60000,"url":"/uploads/avatars/user-1780488213066-coxqv0.png"}
{"timestamp":"2026-06-09T10:24:33.359Z","event":"RATE_LIMIT_EXCEEDED","ip":"::1","type":"upload","count":27,"limit":10,"windowMs":60000,"url":"/uploads/avatars/user-1780488213066-coxqv0.png"}
{"timestamp":"2026-06-09T10:24:33.367Z","event":"RATE_LIMIT_EXCEEDED","ip":"::1","type":"upload","count":28,"limit":10,"windowMs":60000,"url":"/uploads/ads/ad-1780455655713-i8komq.jpg"}
{"timestamp":"2026-06-09T10:24:33.376Z","event":"RATE_LIMIT_EXCEEDED","ip":"::1","type":"upload","count":29,"limit":10,"windowMs":60000,"url":"/uploads/avatars/user-1780488213066-coxqv0.png"}
{"timestamp":"2026-06-09T10:24:37.372Z","event":"RATE_LIMIT_EXCEEDED","ip":"::1","type":"upload","count":29,"limit":10,"windowMs":60000,"url":"/uploads/ads/ad-1780456300523-5owfd7.png"}
{"timestamp":"2026-06-09T10:24:41.369Z","event":"RATE_LIMIT_EXCEEDED","ip":"::1","type":"upload","count":28,"limit":10,"windowMs":60000,"url":"/uploads/ads/ad-1780456726799-nwarwp.png"}
{"timestamp":"2026-06-09T10:24:43.378Z","event":"RATE_LIMIT_EXCEEDED","ip":"::1","type":"upload","count":29,"limit":10,"windowMs":60000,"url":"/uploads/avatars/user-1780488213066-coxqv0.png"}
{"timestamp":"2026-06-09T10:24:45.367Z","event":"RATE_LIMIT_EXCEEDED","ip":"::1","type":"upload","count":28,"limit":10,"windowMs":60000,"url":"/uploads/ads/ad-1780455655713-i8komq.jpg"}
{"timestamp":"2026-06-09T10:24:49.750Z","event":"RATE_LIMIT_EXCEEDED","ip":"::1","type":"upload","count":23,"limit":10,"windowMs":60000,"url":"/uploads/ads/ad-1780456300523-5owfd7.png"}
{"timestamp":"2026-06-09T10:24:50.725Z","event":"RATE_LIMIT_EXCEEDED","ip":"::1","type":"upload","count":24,"limit":10,"windowMs":60000,"url":"/uploads/avatars/user-1780488213066-coxqv0.png"}
{"timestamp":"2026-06-09T10:24:53.749Z","event":"RATE_LIMIT_EXCEEDED","ip":"::1","type":"upload","count":24,"limit":10,"windowMs":60000,"url":"/uploads/ads/ad-1780456726799-nwarwp.png"}
{"timestamp":"2026-06-09T10:24:53.765Z","event":"RATE_LIMIT_EXCEEDED","ip":"::1","type":"upload","count":25,"limit":10,"windowMs":60000,"url":"/uploads/avatars/user-1780488213066-coxqv0.png"}
{"timestamp":"2026-06-09T10:24:57.755Z","event":"RATE_LIMIT_EXCEEDED","ip":"::1","type":"upload","count":25,"limit":10,"windowMs":60000,"url":"/uploads/ads/ad-1780455655713-i8komq.jpg"}
{"timestamp":"2026-06-09T10:25:01.748Z","event":"RATE_LIMIT_EXCEEDED","ip":"::1","type":"upload","count":24,"limit":10,"windowMs":60000,"url":"/uploads/ads/ad-1780456300523-5owfd7.png"}
{"timestamp":"2026-06-09T10:25:03.768Z","event":"RATE_LIMIT_EXCEEDED","ip":"::1","type":"upload","count":24,"limit":10,"windowMs":60000,"url":"/uploads/avatars/user-1780488213066-coxqv0.png"}
{"timestamp":"2026-06-09T10:25:05.750Z","event":"RATE_LIMIT_EXCEEDED","ip":"::1","type":"upload","count":25,"limit":10,"windowMs":60000,"url":"/uploads/ads/ad-1780456726799-nwarwp.png"}
{"timestamp":"2026-06-09T10:25:09.744Z","event":"RATE_LIMIT_EXCEEDED","ip":"::1","type":"upload","count":23,"limit":10,"windowMs":60000,"url":"/uploads/ads/ad-1780455655713-i8komq.jpg"}
{"timestamp":"2026-06-09T10:25:10.922Z","event":"RATE_LIMIT_EXCEEDED","ip":"::1","type":"upload","count":21,"limit":10,"windowMs":60000,"url":"/uploads/avatars/user-1780488213066-coxqv0.png"}
{"timestamp":"2026-06-09T10:25:10.939Z","event":"RATE_LIMIT_EXCEEDED","ip":"::1","type":"upload","count":22,"limit":10,"windowMs":60000,"url":"/uploads/ads/ad-1780455655713-i8komq.jpg"}
{"timestamp":"2026-06-09T10:25:10.986Z","event":"RATE_LIMIT_EXCEEDED","ip":"::1","type":"upload","count":23,"limit":10,"windowMs":60000,"url":"/uploads/avatars/user-1780488213066-coxqv0.png"}
{"timestamp":"2026-06-09T10:25:12.719Z","event":"RATE_LIMIT_EXCEEDED","ip":"::1","type":"upload","count":24,"limit":10,"windowMs":60000,"url":"/uploads/avatars/user-1780488213066-coxqv0.png"}
{"timestamp":"2026-06-09T10:25:12.736Z","event":"RATE_LIMIT_EXCEEDED","ip":"::1","type":"upload","count":25,"limit":10,"windowMs":60000,"url":"/uploads/ads/ad-1780455655713-i8komq.jpg"}
{"timestamp":"2026-06-09T10:25:12.739Z","event":"RATE_LIMIT_EXCEEDED","ip":"::1","type":"upload","count":26,"limit":10,"windowMs":60000,"url":"/uploads/avatars/user-1780488213066-coxqv0.png"}
{"timestamp":"2026-06-09T10:25:13.293Z","event":"RATE_LIMIT_EXCEEDED","ip":"::1","type":"upload","count":27,"limit":10,"windowMs":60000,"url":"/uploads/avatars/user-1780488213066-coxqv0.png"}
{"timestamp":"2026-06-09T10:25:13.307Z","event":"RATE_LIMIT_EXCEEDED","ip":"::1","type":"upload","count":28,"limit":10,"windowMs":60000,"url":"/uploads/ads/ad-1780455655713-i8komq.jpg"}
{"timestamp":"2026-06-09T10:25:13.309Z","event":"RATE_LIMIT_EXCEEDED","ip":"::1","type":"upload","count":29,"limit":10,"windowMs":60000,"url":"/uploads/avatars/user-1780488213066-coxqv0.png"}
{"timestamp":"2026-06-09T10:25:13.750Z","event":"RATE_LIMIT_EXCEEDED","ip":"::1","type":"upload","count":30,"limit":10,"windowMs":60000,"url":"/uploads/ads/ad-1780456300523-5owfd7.png"}
{"timestamp":"2026-06-09T10:25:13.768Z","event":"RATE_LIMIT_EXCEEDED","ip":"::1","type":"upload","count":31,"limit":10,"windowMs":60000,"url":"/uploads/avatars/user-1780488213066-coxqv0.png"}
{"timestamp":"2026-06-09T10:25:17.305Z","event":"RATE_LIMIT_EXCEEDED","ip":"::1","type":"upload","count":31,"limit":10,"windowMs":60000,"url":"/uploads/ads/ad-1780456300523-5owfd7.png"}
{"timestamp":"2026-06-09T10:25:17.751Z","event":"RATE_LIMIT_EXCEEDED","ip":"::1","type":"upload","count":32,"limit":10,"windowMs":60000,"url":"/uploads/ads/ad-1780456726799-nwarwp.png"}
{"timestamp":"2026-06-09T10:25:21.302Z","event":"RATE_LIMIT_EXCEEDED","ip":"::1","type":"upload","count":32,"limit":10,"windowMs":60000,"url":"/uploads/ads/ad-1780456726799-nwarwp.png"}
{"timestamp":"2026-06-09T10:25:21.752Z","event":"RATE_LIMIT_EXCEEDED","ip":"::1","type":"upload","count":33,"limit":10,"windowMs":60000,"url":"/uploads/ads/ad-1780455655713-i8komq.jpg"}
{"timestamp":"2026-06-09T10:25:23.186Z","event":"RATE_LIMIT_EXCEEDED","ip":"::1","type":"upload","count":34,"limit":10,"windowMs":60000,"url":"/uploads/avatars/user-1780488213066-coxqv0.png"}
{"timestamp":"2026-06-09T10:25:23.390Z","event":"RATE_LIMIT_EXCEEDED","ip":"::1","type":"upload","count":35,"limit":10,"windowMs":60000,"url":"/uploads/avatars/user-1780488213066-coxqv0.png"}
{"timestamp":"2026-06-09T10:25:23.762Z","event":"RATE_LIMIT_EXCEEDED","ip":"::1","type":"upload","count":36,"limit":10,"windowMs":60000,"url":"/uploads/avatars/user-1780488213066-coxqv0.png"}
{"timestamp":"2026-06-09T10:25:25.366Z","event":"RATE_LIMIT_EXCEEDED","ip":"::1","type":"upload","count":37,"limit":10,"windowMs":60000,"url":"/uploads/ads/ad-1780456300523-5owfd7.png"}
{"timestamp":"2026-06-09T10:25:25.750Z","event":"RATE_LIMIT_EXCEEDED","ip":"::1","type":"upload","count":38,"limit":10,"windowMs":60000,"url":"/uploads/ads/ad-1780455655713-i8komq.jpg"}
{"timestamp":"2026-06-09T10:25:26.415Z","event":"RATE_LIMIT_EXCEEDED","ip":"::1","type":"upload","count":39,"limit":10,"windowMs":60000,"url":"/uploads/avatars/user-1780488213066-coxqv0.png"}
{"timestamp":"2026-06-09T10:25:26.427Z","event":"RATE_LIMIT_EXCEEDED","ip":"::1","type":"upload","count":40,"limit":10,"windowMs":60000,"url":"/uploads/ads/ad-1780455655713-i8komq.jpg"}
{"timestamp":"2026-06-09T10:25:26.485Z","event":"RATE_LIMIT_EXCEEDED","ip":"::1","type":"upload","count":41,"limit":10,"windowMs":60000,"url":"/uploads/avatars/user-1780488213066-coxqv0.png"}
{"timestamp":"2026-06-09T10:25:29.751Z","event":"RATE_LIMIT_EXCEEDED","ip":"::1","type":"upload","count":40,"limit":10,"windowMs":60000,"url":"/uploads/ads/ad-1780456300523-5owfd7.png"}
{"timestamp":"2026-06-09T10:25:30.434Z","event":"RATE_LIMIT_EXCEEDED","ip":"::1","type":"upload","count":41,"limit":10,"windowMs":60000,"url":"/uploads/ads/ad-1780456300523-5owfd7.png"}
{"timestamp":"2026-06-09T10:25:31.132Z","event":"RATE_LIMIT_EXCEEDED","ip":"::1","type":"upload","count":42,"limit":10,"windowMs":60000,"url":"/uploads/avatars/user-1780488213066-coxqv0.png"}
{"timestamp":"2026-06-09T10:25:31.144Z","event":"RATE_LIMIT_EXCEEDED","ip":"::1","type":"upload","count":43,"limit":10,"windowMs":60000,"url":"/uploads/ads/ad-1780455655713-i8komq.jpg"}
{"timestamp":"2026-06-09T10:25:31.232Z","event":"RATE_LIMIT_EXCEEDED","ip":"::1","type":"upload","count":44,"limit":10,"windowMs":60000,"url":"/uploads/avatars/user-1780488213066-coxqv0.png"}
{"timestamp":"2026-06-09T10:25:33.753Z","event":"RATE_LIMIT_EXCEEDED","ip":"::1","type":"upload","count":42,"limit":10,"windowMs":60000,"url":"/uploads/ads/ad-1780456726799-nwarwp.png"}
{"timestamp":"2026-06-09T10:25:33.767Z","event":"RATE_LIMIT_EXCEEDED","ip":"::1","type":"upload","count":43,"limit":10,"windowMs":60000,"url":"/uploads/avatars/user-1780488213066-coxqv0.png"}
{"timestamp":"2026-06-09T10:25:35.753Z","event":"RATE_LIMIT_EXCEEDED","ip":"::1","type":"upload","count":44,"limit":10,"windowMs":60000,"url":"/uploads/ads/ad-1780456300523-5owfd7.png"}
{"timestamp":"2026-06-09T10:25:36.373Z","event":"RATE_LIMIT_EXCEEDED","ip":"::1","type":"upload","count":45,"limit":10,"windowMs":60000,"url":"/uploads/avatars/user-1780488213066-coxqv0.png"}
{"timestamp":"2026-06-09T10:25:37.742Z","event":"RATE_LIMIT_EXCEEDED","ip":"::1","type":"upload","count":45,"limit":10,"windowMs":60000,"url":"/uploads/ads/ad-1780455655713-i8komq.jpg"}
{"timestamp":"2026-06-09T10:25:39.745Z","event":"RATE_LIMIT_EXCEEDED","ip":"::1","type":"upload","count":46,"limit":10,"windowMs":60000,"url":"/uploads/ads/ad-1780456726799-nwarwp.png"}
{"timestamp":"2026-06-09T10:25:41.747Z","event":"RATE_LIMIT_EXCEEDED","ip":"::1","type":"upload","count":46,"limit":10,"windowMs":60000,"url":"/uploads/ads/ad-1780456300523-5owfd7.png"}
{"timestamp":"2026-06-09T10:25:41.761Z","event":"RATE_LIMIT_EXCEEDED","ip":"::1","type":"upload","count":47,"limit":10,"windowMs":60000,"url":"/uploads/avatars/user-1780488213066-coxqv0.png"}
{"timestamp":"2026-06-09T10:25:43.758Z","event":"RATE_LIMIT_EXCEEDED","ip":"::1","type":"upload","count":47,"limit":10,"windowMs":60000,"url":"/uploads/ads/ad-1780455655713-i8komq.jpg"}
{"timestamp":"2026-06-09T10:25:43.774Z","event":"RATE_LIMIT_EXCEEDED","ip":"::1","type":"upload","count":48,"limit":10,"windowMs":60000,"url":"/uploads/avatars/user-1780488213066-coxqv0.png"}
{"timestamp":"2026-06-09T10:25:45.752Z","event":"RATE_LIMIT_EXCEEDED","ip":"::1","type":"upload","count":48,"limit":10,"windowMs":60000,"url":"/uploads/ads/ad-1780456726799-nwarwp.png"}
{"timestamp":"2026-06-09T10:25:47.750Z","event":"RATE_LIMIT_EXCEEDED","ip":"::1","type":"upload","count":49,"limit":10,"windowMs":60000,"url":"/uploads/ads/ad-1780456300523-5owfd7.png"}
{"timestamp":"2026-06-09T10:25:49.747Z","event":"RATE_LIMIT_EXCEEDED","ip":"::1","type":"upload","count":50,"limit":10,"windowMs":60000,"url":"/uploads/ads/ad-1780455655713-i8komq.jpg"}
{"timestamp":"2026-06-09T10:25:51.748Z","event":"RATE_LIMIT_EXCEEDED","ip":"::1","type":"upload","count":49,"limit":10,"windowMs":60000,"url":"/uploads/ads/ad-1780456726799-nwarwp.png"}
{"timestamp":"2026-06-09T10:25:51.764Z","event":"RATE_LIMIT_EXCEEDED","ip":"::1","type":"upload","count":50,"limit":10,"windowMs":60000,"url":"/uploads/avatars/user-1780488213066-coxqv0.png"}
{"timestamp":"2026-06-09T10:25:53.749Z","event":"RATE_LIMIT_EXCEEDED","ip":"::1","type":"upload","count":51,"limit":10,"windowMs":60000,"url":"/uploads/ads/ad-1780456300523-5owfd7.png"}
{"timestamp":"2026-06-09T10:25:53.763Z","event":"RATE_LIMIT_EXCEEDED","ip":"::1","type":"upload","count":51,"limit":10,"windowMs":60000,"url":"/uploads/avatars/user-1780488213066-coxqv0.png"}
{"timestamp":"2026-06-09T10:25:55.748Z","event":"RATE_LIMIT_EXCEEDED","ip":"::1","type":"upload","count":51,"limit":10,"windowMs":60000,"url":"/uploads/ads/ad-1780455655713-i8komq.jpg"}
{"timestamp":"2026-06-09T10:25:57.744Z","event":"RATE_LIMIT_EXCEEDED","ip":"::1","type":"upload","count":52,"limit":10,"windowMs":60000,"url":"/uploads/ads/ad-1780456726799-nwarwp.png"}
{"timestamp":"2026-06-09T10:25:59.749Z","event":"RATE_LIMIT_EXCEEDED","ip":"::1","type":"upload","count":52,"limit":10,"windowMs":60000,"url":"/uploads/ads/ad-1780456300523-5owfd7.png"}
{"timestamp":"2026-06-09T10:26:01.750Z","event":"RATE_LIMIT_EXCEEDED","ip":"::1","type":"upload","count":52,"limit":10,"windowMs":60000,"url":"/uploads/ads/ad-1780455655713-i8komq.jpg"}
{"timestamp":"2026-06-09T10:26:01.769Z","event":"RATE_LIMIT_EXCEEDED","ip":"::1","type":"upload","count":53,"limit":10,"windowMs":60000,"url":"/uploads/avatars/user-1780488213066-coxqv0.png"}
{"timestamp":"2026-06-09T10:26:03.753Z","event":"RATE_LIMIT_EXCEEDED","ip":"::1","type":"upload","count":54,"limit":10,"windowMs":60000,"url":"/uploads/ads/ad-1780456726799-nwarwp.png"}
{"timestamp":"2026-06-09T10:26:03.767Z","event":"RATE_LIMIT_EXCEEDED","ip":"::1","type":"upload","count":55,"limit":10,"windowMs":60000,"url":"/uploads/avatars/user-1780488213066-coxqv0.png"}
{"timestamp":"2026-06-09T10:26:05.748Z","event":"RATE_LIMIT_EXCEEDED","ip":"::1","type":"upload","count":55,"limit":10,"windowMs":60000,"url":"/uploads/ads/ad-1780456300523-5owfd7.png"}
{"timestamp":"2026-06-09T10:26:07.747Z","event":"RATE_LIMIT_EXCEEDED","ip":"::1","type":"upload","count":55,"limit":10,"windowMs":60000,"url":"/uploads/ads/ad-1780455655713-i8komq.jpg"}
{"timestamp":"2026-06-09T10:26:09.748Z","event":"RATE_LIMIT_EXCEEDED","ip":"::1","type":"upload","count":55,"limit":10,"windowMs":60000,"url":"/uploads/ads/ad-1780456726799-nwarwp.png"}
{"timestamp":"2026-06-09T10:26:11.747Z","event":"RATE_LIMIT_EXCEEDED","ip":"::1","type":"upload","count":53,"limit":10,"windowMs":60000,"url":"/uploads/ads/ad-1780456300523-5owfd7.png"}
{"timestamp":"2026-06-09T10:26:11.762Z","event":"RATE_LIMIT_EXCEEDED","ip":"::1","type":"upload","count":54,"limit":10,"windowMs":60000,"url":"/uploads/avatars/user-1780488213066-coxqv0.png"}
{"timestamp":"2026-06-09T10:26:13.756Z","event":"RATE_LIMIT_EXCEEDED","ip":"::1","type":"upload","count":48,"limit":10,"windowMs":60000,"url":"/uploads/ads/ad-1780455655713-i8komq.jpg"}
{"timestamp":"2026-06-09T10:26:13.777Z","event":"RATE_LIMIT_EXCEEDED","ip":"::1","type":"upload","count":48,"limit":10,"windowMs":60000,"url":"/uploads/avatars/user-1780488213066-coxqv0.png"}
{"timestamp":"2026-06-09T10:26:15.752Z","event":"RATE_LIMIT_EXCEEDED","ip":"::1","type":"upload","count":49,"limit":10,"windowMs":60000,"url":"/uploads/ads/ad-1780456726799-nwarwp.png"}
{"timestamp":"2026-06-09T10:26:17.748Z","event":"RATE_LIMIT_EXCEEDED","ip":"::1","type":"upload","count":49,"limit":10,"windowMs":60000,"url":"/uploads/ads/ad-1780456300523-5owfd7.png"}
{"timestamp":"2026-06-09T10:26:19.748Z","event":"RATE_LIMIT_EXCEEDED","ip":"::1","type":"upload","count":49,"limit":10,"windowMs":60000,"url":"/uploads/ads/ad-1780455655713-i8komq.jpg"}
{"timestamp":"2026-06-09T10:26:21.749Z","event":"RATE_LIMIT_EXCEEDED","ip":"::1","type":"upload","count":49,"limit":10,"windowMs":60000,"url":"/uploads/ads/ad-1780456726799-nwarwp.png"}
{"timestamp":"2026-06-09T10:26:21.763Z","event":"RATE_LIMIT_EXCEEDED","ip":"::1","type":"upload","count":49,"limit":10,"windowMs":60000,"url":"/uploads/avatars/user-1780488213066-coxqv0.png"}
{"timestamp":"2026-06-09T10:26:23.748Z","event":"RATE_LIMIT_EXCEEDED","ip":"::1","type":"upload","count":48,"limit":10,"windowMs":60000,"url":"/uploads/ads/ad-1780456300523-5owfd7.png"}
{"timestamp":"2026-06-09T10:26:27.751Z","event":"RATE_LIMIT_EXCEEDED","ip":"::1","type":"upload","count":43,"limit":10,"windowMs":60000,"url":"/uploads/ads/ad-1780456726799-nwarwp.png"}
{"timestamp":"2026-06-09T10:26:31.746Z","event":"RATE_LIMIT_EXCEEDED","ip":"::1","type":"upload","count":39,"limit":10,"windowMs":60000,"url":"/uploads/ads/ad-1780455655713-i8komq.jpg"}
{"timestamp":"2026-06-09T10:26:31.770Z","event":"RATE_LIMIT_EXCEEDED","ip":"::1","type":"upload","count":40,"limit":10,"windowMs":60000,"url":"/uploads/avatars/user-1780488213066-coxqv0.png"}
{"timestamp":"2026-06-09T10:26:35.747Z","event":"RATE_LIMIT_EXCEEDED","ip":"::1","type":"upload","count":39,"limit":10,"windowMs":60000,"url":"/uploads/ads/ad-1780456300523-5owfd7.png"}
{"timestamp":"2026-06-09T10:27:06.749Z","event":"RATE_LIMIT_EXCEEDED","ip":"::1","type":"upload","count":17,"limit":10,"windowMs":60000,"url":"/uploads/ads/ad-1780455655713-i8komq.jpg"}
{"timestamp":"2026-06-09T10:27:06.751Z","event":"RATE_LIMIT_EXCEEDED","ip":"::1","type":"upload","count":18,"limit":10,"windowMs":60000,"url":"/uploads/ads/ad-1780456726799-nwarwp.png"}
{"timestamp":"2026-06-09T10:27:06.765Z","event":"RATE_LIMIT_EXCEEDED","ip":"::1","type":"upload","count":19,"limit":10,"windowMs":60000,"url":"/uploads/avatars/user-1780488213066-coxqv0.png"}
{"timestamp":"2026-06-09T10:27:06.769Z","event":"RATE_LIMIT_EXCEEDED","ip":"::1","type":"upload","count":20,"limit":10,"windowMs":60000,"url":"/uploads/avatars/user-1780488213066-coxqv0.png"}
{"timestamp":"2026-06-09T10:28:47.746Z","event":"RATE_LIMIT_EXCEEDED","ip":"::1","type":"upload","count":11,"limit":10,"windowMs":60000,"url":"/uploads/ads/ad-1780455655713-i8komq.jpg"}
{"timestamp":"2026-06-09T10:28:59.743Z","event":"RATE_LIMIT_EXCEEDED","ip":"::1","type":"upload","count":12,"limit":10,"windowMs":60000,"url":"/uploads/ads/ad-1780455655713-i8komq.jpg"}
{"timestamp":"2026-06-09T11:01:30.127Z","event":"RATE_LIMIT_EXCEEDED","ip":"::1","type":"upload","count":11,"limit":10,"windowMs":60000,"url":"/uploads/avatars/user-1780488213066-coxqv0.png"}
{"timestamp":"2026-06-09T11:01:30.139Z","event":"RATE_LIMIT_EXCEEDED","ip":"::1","type":"upload","count":12,"limit":10,"windowMs":60000,"url":"/uploads/ads/ad-1780455655713-i8komq.jpg"}
{"timestamp":"2026-06-09T11:01:30.152Z","event":"RATE_LIMIT_EXCEEDED","ip":"::1","type":"upload","count":13,"limit":10,"windowMs":60000,"url":"/uploads/avatars/user-1780488213066-coxqv0.png"}
{"timestamp":"2026-06-09T11:01:30.747Z","event":"RATE_LIMIT_EXCEEDED","ip":"::1","type":"upload","count":14,"limit":10,"windowMs":60000,"url":"/uploads/avatars/user-1780488213066-coxqv0.png"}
{"timestamp":"2026-06-09T11:01:30.771Z","event":"RATE_LIMIT_EXCEEDED","ip":"::1","type":"upload","count":15,"limit":10,"windowMs":60000,"url":"/uploads/ads/ad-1780455655713-i8komq.jpg"}
{"timestamp":"2026-06-09T11:01:30.773Z","event":"RATE_LIMIT_EXCEEDED","ip":"::1","type":"upload","count":16,"limit":10,"windowMs":60000,"url":"/uploads/avatars/user-1780488213066-coxqv0.png"}
{"timestamp":"2026-06-09T11:01:31.276Z","event":"RATE_LIMIT_EXCEEDED","ip":"::1","type":"upload","count":17,"limit":10,"windowMs":60000,"url":"/uploads/avatars/user-1780488213066-coxqv0.png"}
{"timestamp":"2026-06-09T11:01:31.287Z","event":"RATE_LIMIT_EXCEEDED","ip":"::1","type":"upload","count":18,"limit":10,"windowMs":60000,"url":"/uploads/ads/ad-1780455655713-i8komq.jpg"}
{"timestamp":"2026-06-09T11:01:31.290Z","event":"RATE_LIMIT_EXCEEDED","ip":"::1","type":"upload","count":19,"limit":10,"windowMs":60000,"url":"/uploads/avatars/user-1780488213066-coxqv0.png"}
{"timestamp":"2026-06-09T11:01:31.578Z","event":"RATE_LIMIT_EXCEEDED","ip":"::1","type":"upload","count":20,"limit":10,"windowMs":60000,"url":"/uploads/avatars/user-1780488213066-coxqv0.png"}
{"timestamp":"2026-06-09T11:01:31.591Z","event":"RATE_LIMIT_EXCEEDED","ip":"::1","type":"upload","count":21,"limit":10,"windowMs":60000,"url":"/uploads/ads/ad-1780455655713-i8komq.jpg"}
{"timestamp":"2026-06-09T11:01:31.594Z","event":"RATE_LIMIT_EXCEEDED","ip":"::1","type":"upload","count":22,"limit":10,"windowMs":60000,"url":"/uploads/avatars/user-1780488213066-coxqv0.png"}
{"timestamp":"2026-06-09T11:01:31.767Z","event":"RATE_LIMIT_EXCEEDED","ip":"::1","type":"upload","count":23,"limit":10,"windowMs":60000,"url":"/uploads/avatars/user-1780488213066-coxqv0.png"}
{"timestamp":"2026-06-09T11:01:31.781Z","event":"RATE_LIMIT_EXCEEDED","ip":"::1","type":"upload","count":24,"limit":10,"windowMs":60000,"url":"/uploads/ads/ad-1780455655713-i8komq.jpg"}
{"timestamp":"2026-06-09T11:01:31.785Z","event":"RATE_LIMIT_EXCEEDED","ip":"::1","type":"upload","count":25,"limit":10,"windowMs":60000,"url":"/uploads/avatars/user-1780488213066-coxqv0.png"}
{"timestamp":"2026-06-09T11:01:31.927Z","event":"RATE_LIMIT_EXCEEDED","ip":"::1","type":"upload","count":26,"limit":10,"windowMs":60000,"url":"/uploads/avatars/user-1780488213066-coxqv0.png"}
{"timestamp":"2026-06-09T11:01:31.937Z","event":"RATE_LIMIT_EXCEEDED","ip":"::1","type":"upload","count":27,"limit":10,"windowMs":60000,"url":"/uploads/ads/ad-1780455655713-i8komq.jpg"}
{"timestamp":"2026-06-09T11:01:31.945Z","event":"RATE_LIMIT_EXCEEDED","ip":"::1","type":"upload","count":28,"limit":10,"windowMs":60000,"url":"/uploads/avatars/user-1780488213066-coxqv0.png"}
{"timestamp":"2026-06-09T11:01:32.049Z","event":"RATE_LIMIT_EXCEEDED","ip":"::1","type":"browse","count":301,"limit":300,"windowMs":60000,"url":"/app/css/style.css?v=3.0.10"}
{"timestamp":"2026-06-09T11:01:32.050Z","event":"RATE_LIMIT_EXCEEDED","ip":"::1","type":"browse","count":302,"limit":300,"windowMs":60000,"url":"/api.js?v=3.0.10"}
{"timestamp":"2026-06-09T11:01:32.051Z","event":"RATE_LIMIT_EXCEEDED","ip":"::1","type":"browse","count":303,"limit":300,"windowMs":60000,"url":"/app/js/core.js?v=3.0.10"}
{"timestamp":"2026-06-09T11:01:32.053Z","event":"RATE_LIMIT_EXCEEDED","ip":"::1","type":"browse","count":305,"limit":300,"windowMs":60000,"url":"/app/js/order.js?v=3.0.10"}
{"timestamp":"2026-06-09T11:01:32.054Z","event":"RATE_LIMIT_EXCEEDED","ip":"::1","type":"browse","count":306,"limit":300,"windowMs":60000,"url":"/app/js/market.js?v=3.0.10"}
{"timestamp":"2026-06-09T11:01:32.052Z","event":"RATE_LIMIT_EXCEEDED","ip":"::1","type":"browse","count":304,"limit":300,"windowMs":60000,"url":"/app/js/wall.js?v=3.0.10"}
{"timestamp":"2026-06-09T11:01:32.055Z","event":"RATE_LIMIT_EXCEEDED","ip":"::1","type":"browse","count":307,"limit":300,"windowMs":60000,"url":"/app/js/user.js?v=3.0.10"}
{"timestamp":"2026-06-09T11:01:32.057Z","event":"RATE_LIMIT_EXCEEDED","ip":"::1","type":"browse","count":309,"limit":300,"windowMs":60000,"url":"/app/js/teachers.js?v=3.0.10"}
{"timestamp":"2026-06-09T11:01:32.056Z","event":"RATE_LIMIT_EXCEEDED","ip":"::1","type":"browse","count":308,"limit":300,"windowMs":60000,"url":"/app/js/address.js?v=3.0.10"}
{"timestamp":"2026-06-09T11:01:32.059Z","event":"RATE_LIMIT_EXCEEDED","ip":"::1","type":"browse","count":311,"limit":300,"windowMs":60000,"url":"/app/js/feedback.js?v=3.0.10"}
{"timestamp":"2026-06-09T11:01:32.058Z","event":"RATE_LIMIT_EXCEEDED","ip":"::1","type":"browse","count":310,"limit":300,"windowMs":60000,"url":"/app/js/pets.js?v=3.0.10"}
{"timestamp":"2026-06-09T11:01:32.061Z","event":"RATE_LIMIT_EXCEEDED","ip":"::1","type":"browse","count":313,"limit":300,"windowMs":60000,"url":"/app/js/discover.js?v=3.0.12"}
{"timestamp":"2026-06-09T11:01:32.060Z","event":"RATE_LIMIT_EXCEEDED","ip":"::1","type":"browse","count":312,"limit":300,"windowMs":60000,"url":"/app/js/services.js?v=3.0.11"}
{"timestamp":"2026-06-09T11:01:32.064Z","event":"RATE_LIMIT_EXCEEDED","ip":"::1","type":"browse","count":314,"limit":300,"windowMs":60000,"url":"/images/xy-colorful.png"}
{"timestamp":"2026-06-09T11:01:32.194Z","event":"RATE_LIMIT_EXCEEDED","ip":"::1","type":"browse","count":315,"limit":300,"windowMs":60000,"url":"/app.html"}
{"timestamp":"2026-06-09T11:01:32.335Z","event":"RATE_LIMIT_EXCEEDED","ip":"::1","type":"browse","count":316,"limit":300,"windowMs":60000,"url":"/app.html"}
{"timestamp":"2026-06-09T11:01:32.490Z","event":"RATE_LIMIT_EXCEEDED","ip":"::1","type":"browse","count":317,"limit":300,"windowMs":60000,"url":"/app.html"}
{"timestamp":"2026-06-09T11:01:34.087Z","event":"RATE_LIMIT_EXCEEDED","ip":"::1","type":"browse","count":318,"limit":300,"windowMs":60000,"url":"/app.html"}
{"timestamp":"2026-06-09T11:01:34.632Z","event":"RATE_LIMIT_EXCEEDED","ip":"::1","type":"browse","count":319,"limit":300,"windowMs":60000,"url":"/app.html"}
{"timestamp":"2026-06-09T11:01:34.786Z","event":"RATE_LIMIT_EXCEEDED","ip":"::1","type":"browse","count":320,"limit":300,"windowMs":60000,"url":"/app.html"}
{"timestamp":"2026-06-09T11:01:34.978Z","event":"RATE_LIMIT_EXCEEDED","ip":"::1","type":"browse","count":321,"limit":300,"windowMs":60000,"url":"/app.html"}
{"timestamp":"2026-06-09T11:14:05.377Z","event":"RATE_LIMIT_EXCEEDED","ip":"::1","type":"upload","count":11,"limit":10,"windowMs":60000,"url":"/uploads/avatars/user-1780488213066-coxqv0.png"}
{"timestamp":"2026-06-09T11:14:06.766Z","event":"RATE_LIMIT_EXCEEDED","ip":"::1","type":"upload","count":11,"limit":10,"windowMs":60000,"url":"/uploads/avatars/user-1780488213066-coxqv0.png"}
{"timestamp":"2026-06-09T11:14:07.780Z","event":"RATE_LIMIT_EXCEEDED","ip":"::1","type":"upload","count":12,"limit":10,"windowMs":60000,"url":"/uploads/ads/ad-1780455655713-i8komq.jpg"}
{"timestamp":"2026-06-09T11:14:07.781Z","event":"RATE_LIMIT_EXCEEDED","ip":"::1","type":"upload","count":13,"limit":10,"windowMs":60000,"url":"/uploads/avatars/user-1780488213066-coxqv0.png"}
{"timestamp":"2026-06-09T11:14:08.755Z","event":"RATE_LIMIT_EXCEEDED","ip":"::1","type":"upload","count":14,"limit":10,"windowMs":60000,"url":"/uploads/ads/ad-1780456726799-nwarwp.png"}
{"timestamp":"2026-06-09T11:14:12.739Z","event":"RATE_LIMIT_EXCEEDED","ip":"::1","type":"upload","count":15,"limit":10,"windowMs":60000,"url":"/uploads/ads/ad-1780455655713-i8komq.jpg"}
{"timestamp":"2026-06-09T11:14:14.753Z","event":"RATE_LIMIT_EXCEEDED","ip":"::1","type":"upload","count":16,"limit":10,"windowMs":60000,"url":"/uploads/avatars/user-1780488213066-coxqv0.png"}
{"timestamp":"2026-06-09T11:14:16.739Z","event":"RATE_LIMIT_EXCEEDED","ip":"::1","type":"upload","count":17,"limit":10,"windowMs":60000,"url":"/uploads/ads/ad-1780456300523-5owfd7.png"}
{"timestamp":"2026-06-09T11:14:20.740Z","event":"RATE_LIMIT_EXCEEDED","ip":"::1","type":"upload","count":18,"limit":10,"windowMs":60000,"url":"/uploads/ads/ad-1780456726799-nwarwp.png"}
{"timestamp":"2026-06-09T11:14:24.739Z","event":"RATE_LIMIT_EXCEEDED","ip":"::1","type":"upload","count":19,"limit":10,"windowMs":60000,"url":"/uploads/ads/ad-1780455655713-i8komq.jpg"}
{"timestamp":"2026-06-09T11:14:24.776Z","event":"RATE_LIMIT_EXCEEDED","ip":"::1","type":"upload","count":20,"limit":10,"windowMs":60000,"url":"/uploads/avatars/user-1780488213066-coxqv0.png"}
{"timestamp":"2026-06-09T11:14:28.739Z","event":"RATE_LIMIT_EXCEEDED","ip":"::1","type":"upload","count":21,"limit":10,"windowMs":60000,"url":"/uploads/ads/ad-1780456300523-5owfd7.png"}
{"timestamp":"2026-06-09T11:14:32.740Z","event":"RATE_LIMIT_EXCEEDED","ip":"::1","type":"upload","count":22,"limit":10,"windowMs":60000,"url":"/uploads/ads/ad-1780456726799-nwarwp.png"}
{"timestamp":"2026-06-09T11:14:34.779Z","event":"RATE_LIMIT_EXCEEDED","ip":"::1","type":"upload","count":23,"limit":10,"windowMs":60000,"url":"/uploads/avatars/user-1780488213066-coxqv0.png"}
{"timestamp":"2026-06-09T11:14:36.740Z","event":"RATE_LIMIT_EXCEEDED","ip":"::1","type":"upload","count":24,"limit":10,"windowMs":60000,"url":"/uploads/ads/ad-1780455655713-i8komq.jpg"}
{"timestamp":"2026-06-09T11:14:40.739Z","event":"RATE_LIMIT_EXCEEDED","ip":"::1","type":"upload","count":25,"limit":10,"windowMs":60000,"url":"/uploads/ads/ad-1780456300523-5owfd7.png"}
{"timestamp":"2026-06-09T11:14:44.739Z","event":"RATE_LIMIT_EXCEEDED","ip":"::1","type":"upload","count":26,"limit":10,"windowMs":60000,"url":"/uploads/ads/ad-1780456726799-nwarwp.png"}
{"timestamp":"2026-06-09T11:14:44.772Z","event":"RATE_LIMIT_EXCEEDED","ip":"::1","type":"upload","count":27,"limit":10,"windowMs":60000,"url":"/uploads/avatars/user-1780488213066-coxqv0.png"}
{"timestamp":"2026-06-09T11:14:48.739Z","event":"RATE_LIMIT_EXCEEDED","ip":"::1","type":"upload","count":28,"limit":10,"windowMs":60000,"url":"/uploads/ads/ad-1780455655713-i8komq.jpg"}
{"timestamp":"2026-06-09T11:14:52.740Z","event":"RATE_LIMIT_EXCEEDED","ip":"::1","type":"upload","count":29,"limit":10,"windowMs":60000,"url":"/uploads/ads/ad-1780456300523-5owfd7.png"}
{"timestamp":"2026-06-09T11:14:54.774Z","event":"RATE_LIMIT_EXCEEDED","ip":"::1","type":"upload","count":30,"limit":10,"windowMs":60000,"url":"/uploads/avatars/user-1780488213066-coxqv0.png"}
{"timestamp":"2026-06-09T11:14:56.739Z","event":"RATE_LIMIT_EXCEEDED","ip":"::1","type":"upload","count":29,"limit":10,"windowMs":60000,"url":"/uploads/ads/ad-1780456726799-nwarwp.png"}
{"timestamp":"2026-06-09T11:15:00.740Z","event":"RATE_LIMIT_EXCEEDED","ip":"::1","type":"upload","count":26,"limit":10,"windowMs":60000,"url":"/uploads/ads/ad-1780455655713-i8komq.jpg"}
{"timestamp":"2026-06-09T11:15:04.740Z","event":"RATE_LIMIT_EXCEEDED","ip":"::1","type":"upload","count":25,"limit":10,"windowMs":60000,"url":"/uploads/ads/ad-1780456300523-5owfd7.png"}
{"timestamp":"2026-06-09T11:15:04.777Z","event":"RATE_LIMIT_EXCEEDED","ip":"::1","type":"upload","count":25,"limit":10,"windowMs":60000,"url":"/uploads/avatars/user-1780488213066-coxqv0.png"}
{"timestamp":"2026-06-09T11:17:28.740Z","event":"RATE_LIMIT_EXCEEDED","ip":"::1","type":"upload","count":11,"limit":10,"windowMs":60000,"url":"/uploads/ads/ad-1780456726799-nwarwp.png"}
{"timestamp":"2026-06-09T11:17:32.742Z","event":"RATE_LIMIT_EXCEEDED","ip":"::1","type":"upload","count":12,"limit":10,"windowMs":60000,"url":"/uploads/ads/ad-1780455655713-i8komq.jpg"}
{"timestamp":"2026-06-09T11:17:36.741Z","event":"RATE_LIMIT_EXCEEDED","ip":"::1","type":"upload","count":13,"limit":10,"windowMs":60000,"url":"/uploads/ads/ad-1780456300523-5owfd7.png"}
{"timestamp":"2026-06-09T11:17:40.741Z","event":"RATE_LIMIT_EXCEEDED","ip":"::1","type":"upload","count":14,"limit":10,"windowMs":60000,"url":"/uploads/ads/ad-1780456726799-nwarwp.png"}
{"timestamp":"2026-06-09T11:17:44.790Z","event":"RATE_LIMIT_EXCEEDED","ip":"::1","type":"upload","count":13,"limit":10,"windowMs":60000,"url":"/uploads/ads/ad-1780455655713-i8komq.jpg"}
{"timestamp":"2026-06-09T11:17:48.742Z","event":"RATE_LIMIT_EXCEEDED","ip":"::1","type":"upload","count":13,"limit":10,"windowMs":60000,"url":"/uploads/ads/ad-1780456300523-5owfd7.png"}
{"timestamp":"2026-06-09T11:17:52.741Z","event":"RATE_LIMIT_EXCEEDED","ip":"::1","type":"upload","count":13,"limit":10,"windowMs":60000,"url":"/uploads/ads/ad-1780456726799-nwarwp.png"}
{"timestamp":"2026-06-09T11:17:56.741Z","event":"RATE_LIMIT_EXCEEDED","ip":"::1","type":"upload","count":14,"limit":10,"windowMs":60000,"url":"/uploads/ads/ad-1780455655713-i8komq.jpg"}
{"timestamp":"2026-06-09T11:18:00.741Z","event":"RATE_LIMIT_EXCEEDED","ip":"::1","type":"upload","count":15,"limit":10,"windowMs":60000,"url":"/uploads/ads/ad-1780456300523-5owfd7.png"}
{"timestamp":"2026-06-09T11:18:04.742Z","event":"RATE_LIMIT_EXCEEDED","ip":"::1","type":"upload","count":16,"limit":10,"windowMs":60000,"url":"/uploads/ads/ad-1780456726799-nwarwp.png"}
{"timestamp":"2026-06-09T11:18:08.741Z","event":"RATE_LIMIT_EXCEEDED","ip":"::1","type":"upload","count":15,"limit":10,"windowMs":60000,"url":"/uploads/ads/ad-1780455655713-i8komq.jpg"}
{"timestamp":"2026-06-09T11:18:12.742Z","event":"RATE_LIMIT_EXCEEDED","ip":"::1","type":"upload","count":16,"limit":10,"windowMs":60000,"url":"/uploads/ads/ad-1780456300523-5owfd7.png"}
{"timestamp":"2026-06-09T11:18:16.741Z","event":"RATE_LIMIT_EXCEEDED","ip":"::1","type":"upload","count":15,"limit":10,"windowMs":60000,"url":"/uploads/ads/ad-1780456726799-nwarwp.png"}
{"timestamp":"2026-06-09T11:18:20.742Z","event":"RATE_LIMIT_EXCEEDED","ip":"::1","type":"upload","count":16,"limit":10,"windowMs":60000,"url":"/uploads/ads/ad-1780455655713-i8komq.jpg"}
{"timestamp":"2026-06-09T11:18:24.741Z","event":"RATE_LIMIT_EXCEEDED","ip":"::1","type":"upload","count":16,"limit":10,"windowMs":60000,"url":"/uploads/ads/ad-1780456300523-5owfd7.png"}
{"timestamp":"2026-06-09T11:22:44.741Z","event":"RATE_LIMIT_EXCEEDED","ip":"::1","type":"upload","count":11,"limit":10,"windowMs":60000,"url":"/uploads/ads/ad-1780455655713-i8komq.jpg"}
{"timestamp":"2026-06-09T11:22:48.740Z","event":"RATE_LIMIT_EXCEEDED","ip":"::1","type":"upload","count":12,"limit":10,"windowMs":60000,"url":"/uploads/ads/ad-1780456300523-5owfd7.png"}
{"timestamp":"2026-06-09T11:22:52.742Z","event":"RATE_LIMIT_EXCEEDED","ip":"::1","type":"upload","count":13,"limit":10,"windowMs":60000,"url":"/uploads/ads/ad-1780456726799-nwarwp.png"}
{"timestamp":"2026-06-09T11:22:56.741Z","event":"RATE_LIMIT_EXCEEDED","ip":"::1","type":"upload","count":14,"limit":10,"windowMs":60000,"url":"/uploads/ads/ad-1780455655713-i8komq.jpg"}
{"timestamp":"2026-06-09T11:23:00.741Z","event":"RATE_LIMIT_EXCEEDED","ip":"::1","type":"upload","count":15,"limit":10,"windowMs":60000,"url":"/uploads/ads/ad-1780456300523-5owfd7.png"}
{"timestamp":"2026-06-09T11:23:04.742Z","event":"RATE_LIMIT_EXCEEDED","ip":"::1","type":"upload","count":16,"limit":10,"windowMs":60000,"url":"/uploads/ads/ad-1780456726799-nwarwp.png"}
{"timestamp":"2026-06-09T11:24:12.741Z","event":"RATE_LIMIT_EXCEEDED","ip":"::1","type":"upload","count":11,"limit":10,"windowMs":60000,"url":"/uploads/ads/ad-1780456300523-5owfd7.png"}
{"timestamp":"2026-06-09T11:24:16.741Z","event":"RATE_LIMIT_EXCEEDED","ip":"::1","type":"upload","count":12,"limit":10,"windowMs":60000,"url":"/uploads/ads/ad-1780456726799-nwarwp.png"}
{"timestamp":"2026-06-09T11:24:20.742Z","event":"RATE_LIMIT_EXCEEDED","ip":"::1","type":"upload","count":13,"limit":10,"windowMs":60000,"url":"/uploads/ads/ad-1780455655713-i8komq.jpg"}
{"timestamp":"2026-06-09T11:24:24.741Z","event":"RATE_LIMIT_EXCEEDED","ip":"::1","type":"upload","count":14,"limit":10,"windowMs":60000,"url":"/uploads/ads/ad-1780456300523-5owfd7.png"}
{"timestamp":"2026-06-09T11:24:28.741Z","event":"RATE_LIMIT_EXCEEDED","ip":"::1","type":"upload","count":15,"limit":10,"windowMs":60000,"url":"/uploads/ads/ad-1780456726799-nwarwp.png"}
{"timestamp":"2026-06-09T11:24:32.741Z","event":"RATE_LIMIT_EXCEEDED","ip":"::1","type":"upload","count":15,"limit":10,"windowMs":60000,"url":"/uploads/ads/ad-1780455655713-i8komq.jpg"}
{"timestamp":"2026-06-09T11:24:45.362Z","event":"RATE_LIMIT_EXCEEDED","ip":"::1","type":"upload","count":13,"limit":10,"windowMs":60000,"url":"/uploads/ads/ad-1780456300523-5owfd7.png"}
{"timestamp":"2026-06-09T11:24:48.740Z","event":"RATE_LIMIT_EXCEEDED","ip":"::1","type":"upload","count":14,"limit":10,"windowMs":60000,"url":"/uploads/ads/ad-1780456726799-nwarwp.png"}
{"timestamp":"2026-06-09T11:24:52.741Z","event":"RATE_LIMIT_EXCEEDED","ip":"::1","type":"upload","count":14,"limit":10,"windowMs":60000,"url":"/uploads/ads/ad-1780455655713-i8komq.jpg"}
{"timestamp":"2026-06-09T11:24:56.741Z","event":"RATE_LIMIT_EXCEEDED","ip":"::1","type":"upload","count":14,"limit":10,"windowMs":60000,"url":"/uploads/ads/ad-1780456300523-5owfd7.png"}
{"timestamp":"2026-06-09T11:25:00.741Z","event":"RATE_LIMIT_EXCEEDED","ip":"::1","type":"upload","count":14,"limit":10,"windowMs":60000,"url":"/uploads/ads/ad-1780456726799-nwarwp.png"}
{"timestamp":"2026-06-09T11:25:04.742Z","event":"RATE_LIMIT_EXCEEDED","ip":"::1","type":"upload","count":13,"limit":10,"windowMs":60000,"url":"/uploads/ads/ad-1780455655713-i8komq.jpg"}
{"timestamp":"2026-06-09T11:25:08.741Z","event":"RATE_LIMIT_EXCEEDED","ip":"::1","type":"upload","count":14,"limit":10,"windowMs":60000,"url":"/uploads/ads/ad-1780456300523-5owfd7.png"}
{"timestamp":"2026-06-09T11:25:12.742Z","event":"RATE_LIMIT_EXCEEDED","ip":"::1","type":"upload","count":13,"limit":10,"windowMs":60000,"url":"/uploads/ads/ad-1780456726799-nwarwp.png"}
{"timestamp":"2026-06-09T11:25:16.741Z","event":"RATE_LIMIT_EXCEEDED","ip":"::1","type":"upload","count":14,"limit":10,"windowMs":60000,"url":"/uploads/ads/ad-1780455655713-i8komq.jpg"}
{"timestamp":"2026-06-09T11:25:20.742Z","event":"RATE_LIMIT_EXCEEDED","ip":"::1","type":"upload","count":14,"limit":10,"windowMs":60000,"url":"/uploads/ads/ad-1780456300523-5owfd7.png"}
{"timestamp":"2026-06-09T11:25:24.741Z","event":"RATE_LIMIT_EXCEEDED","ip":"::1","type":"upload","count":14,"limit":10,"windowMs":60000,"url":"/uploads/ads/ad-1780456726799-nwarwp.png"}
{"timestamp":"2026-06-09T11:25:28.769Z","event":"RATE_LIMIT_EXCEEDED","ip":"::1","type":"upload","count":13,"limit":10,"windowMs":60000,"url":"/uploads/ads/ad-1780455655713-i8komq.jpg"}
{"timestamp":"2026-06-09T11:25:32.742Z","event":"RATE_LIMIT_EXCEEDED","ip":"::1","type":"upload","count":13,"limit":10,"windowMs":60000,"url":"/uploads/ads/ad-1780456300523-5owfd7.png"}
{"timestamp":"2026-06-09T11:25:36.741Z","event":"RATE_LIMIT_EXCEEDED","ip":"::1","type":"upload","count":14,"limit":10,"windowMs":60000,"url":"/uploads/ads/ad-1780456726799-nwarwp.png"}
{"timestamp":"2026-06-09T11:25:40.741Z","event":"RATE_LIMIT_EXCEEDED","ip":"::1","type":"upload","count":15,"limit":10,"windowMs":60000,"url":"/uploads/ads/ad-1780455655713-i8komq.jpg"}
{"timestamp":"2026-06-09T11:25:44.741Z","event":"RATE_LIMIT_EXCEEDED","ip":"::1","type":"upload","count":16,"limit":10,"windowMs":60000,"url":"/uploads/ads/ad-1780456300523-5owfd7.png"}
{"timestamp":"2026-06-09T11:26:06.741Z","event":"RATE_LIMIT_EXCEEDED","ip":"::1","type":"upload","count":11,"limit":10,"windowMs":60000,"url":"/uploads/ads/ad-1780456726799-nwarwp.png"}
{"timestamp":"2026-06-09T12:15:26.748Z","event":"RATE_LIMIT_EXCEEDED","ip":"::1","type":"upload","count":11,"limit":10,"windowMs":60000,"url":"/uploads/ads/ad-1780456726799-nwarwp.png"}
{"timestamp":"2026-06-09T12:15:38.742Z","event":"RATE_LIMIT_EXCEEDED","ip":"::1","type":"upload","count":12,"limit":10,"windowMs":60000,"url":"/uploads/ads/ad-1780456726799-nwarwp.png"}
{"timestamp":"2026-06-09T12:23:21.196Z","event":"RATE_LIMIT_EXCEEDED","ip":"::1","type":"upload","count":11,"limit":10,"windowMs":60000,"url":"/uploads/ads/ad-1780455655713-i8komq.jpg"}
{"timestamp":"2026-06-09T12:23:23.354Z","event":"RATE_LIMIT_EXCEEDED","ip":"::1","type":"upload","count":12,"limit":10,"windowMs":60000,"url":"/uploads/ads/ad-1780456300523-5owfd7.png"}
{"timestamp":"2026-06-09T12:23:23.776Z","event":"RATE_LIMIT_EXCEEDED","ip":"::1","type":"upload","count":13,"limit":10,"windowMs":60000,"url":"/uploads/ads/ad-1780456726799-nwarwp.png"}
{"timestamp":"2026-06-09T12:23:24.062Z","event":"RATE_LIMIT_EXCEEDED","ip":"::1","type":"upload","count":14,"limit":10,"windowMs":60000,"url":"/uploads/ads/ad-1780455655713-i8komq.jpg"}
{"timestamp":"2026-06-09T12:23:24.536Z","event":"RATE_LIMIT_EXCEEDED","ip":"::1","type":"upload","count":15,"limit":10,"windowMs":60000,"url":"/uploads/ads/ad-1780456300523-5owfd7.png"}
{"timestamp":"2026-06-09T12:23:24.742Z","event":"RATE_LIMIT_EXCEEDED","ip":"::1","type":"upload","count":16,"limit":10,"windowMs":60000,"url":"/uploads/ads/ad-1780455655713-i8komq.jpg"}
{"timestamp":"2026-06-09T12:23:26.754Z","event":"RATE_LIMIT_EXCEEDED","ip":"::1","type":"upload","count":17,"limit":10,"windowMs":60000,"url":"/uploads/avatars/user-1780488213066-coxqv0.png"}
{"timestamp":"2026-06-09T12:23:28.542Z","event":"RATE_LIMIT_EXCEEDED","ip":"::1","type":"upload","count":18,"limit":10,"windowMs":60000,"url":"/uploads/ads/ad-1780456726799-nwarwp.png"}
{"timestamp":"2026-06-09T12:23:28.743Z","event":"RATE_LIMIT_EXCEEDED","ip":"::1","type":"upload","count":19,"limit":10,"windowMs":60000,"url":"/uploads/ads/ad-1780456300523-5owfd7.png"}
{"timestamp":"2026-06-09T12:23:30.480Z","event":"RATE_LIMIT_EXCEEDED","ip":"::1","type":"upload","count":20,"limit":10,"windowMs":60000,"url":"/uploads/avatars/user-1780488213066-coxqv0.png"}
{"timestamp":"2026-06-09T12:23:31.754Z","event":"RATE_LIMIT_EXCEEDED","ip":"::1","type":"upload","count":21,"limit":10,"windowMs":60000,"url":"/uploads/avatars/user-1780488213066-coxqv0.png"}
{"timestamp":"2026-06-09T12:23:31.893Z","event":"RATE_LIMIT_EXCEEDED","ip":"::1","type":"upload","count":22,"limit":10,"windowMs":60000,"url":"/uploads/ads/ad-1780456726799-nwarwp.png"}
{"timestamp":"2026-06-09T12:23:32.756Z","event":"RATE_LIMIT_EXCEEDED","ip":"::1","type":"upload","count":22,"limit":10,"windowMs":60000,"url":"/uploads/ads/ad-1780455655713-i8komq.jpg"}
{"timestamp":"2026-06-09T12:23:36.757Z","event":"RATE_LIMIT_EXCEEDED","ip":"::1","type":"upload","count":21,"limit":10,"windowMs":60000,"url":"/uploads/ads/ad-1780455655713-i8komq.jpg"}
{"timestamp":"2026-06-09T12:23:36.762Z","event":"RATE_LIMIT_EXCEEDED","ip":"::1","type":"upload","count":22,"limit":10,"windowMs":60000,"url":"/uploads/ads/ad-1780456300523-5owfd7.png"}
{"timestamp":"2026-06-09T12:23:36.775Z","event":"RATE_LIMIT_EXCEEDED","ip":"::1","type":"upload","count":23,"limit":10,"windowMs":60000,"url":"/uploads/avatars/user-1780488213066-coxqv0.png"}
{"timestamp":"2026-06-09T12:23:40.742Z","event":"RATE_LIMIT_EXCEEDED","ip":"::1","type":"upload","count":23,"limit":10,"windowMs":60000,"url":"/uploads/ads/ad-1780456300523-5owfd7.png"}
{"timestamp":"2026-06-09T12:23:40.743Z","event":"RATE_LIMIT_EXCEEDED","ip":"::1","type":"upload","count":24,"limit":10,"windowMs":60000,"url":"/uploads/ads/ad-1780456726799-nwarwp.png"}
{"timestamp":"2026-06-09T12:23:41.760Z","event":"RATE_LIMIT_EXCEEDED","ip":"::1","type":"upload","count":25,"limit":10,"windowMs":60000,"url":"/uploads/avatars/user-1780488213066-coxqv0.png"}
{"timestamp":"2026-06-09T12:23:44.750Z","event":"RATE_LIMIT_EXCEEDED","ip":"::1","type":"upload","count":25,"limit":10,"windowMs":60000,"url":"/uploads/ads/ad-1780456726799-nwarwp.png"}
{"timestamp":"2026-06-09T12:23:44.751Z","event":"RATE_LIMIT_EXCEEDED","ip":"::1","type":"upload","count":26,"limit":10,"windowMs":60000,"url":"/uploads/ads/ad-1780455655713-i8komq.jpg"}
{"timestamp":"2026-06-09T12:23:46.767Z","event":"RATE_LIMIT_EXCEEDED","ip":"::1","type":"upload","count":27,"limit":10,"windowMs":60000,"url":"/uploads/avatars/user-1780488213066-coxqv0.png"}
{"timestamp":"2026-06-09T12:23:48.747Z","event":"RATE_LIMIT_EXCEEDED","ip":"::1","type":"upload","count":28,"limit":10,"windowMs":60000,"url":"/uploads/ads/ad-1780455655713-i8komq.jpg"}
{"timestamp":"2026-06-09T12:23:48.748Z","event":"RATE_LIMIT_EXCEEDED","ip":"::1","type":"upload","count":29,"limit":10,"windowMs":60000,"url":"/uploads/ads/ad-1780456300523-5owfd7.png"}
{"timestamp":"2026-06-09T12:23:51.763Z","event":"RATE_LIMIT_EXCEEDED","ip":"::1","type":"upload","count":30,"limit":10,"windowMs":60000,"url":"/uploads/avatars/user-1780488213066-coxqv0.png"}
{"timestamp":"2026-06-09T12:23:52.744Z","event":"RATE_LIMIT_EXCEEDED","ip":"::1","type":"upload","count":31,"limit":10,"windowMs":60000,"url":"/uploads/ads/ad-1780456300523-5owfd7.png"}
{"timestamp":"2026-06-09T12:23:52.745Z","event":"RATE_LIMIT_EXCEEDED","ip":"::1","type":"upload","count":32,"limit":10,"windowMs":60000,"url":"/uploads/ads/ad-1780456726799-nwarwp.png"}
{"timestamp":"2026-06-09T12:23:56.745Z","event":"RATE_LIMIT_EXCEEDED","ip":"::1","type":"upload","count":33,"limit":10,"windowMs":60000,"url":"/uploads/ads/ad-1780456726799-nwarwp.png"}
{"timestamp":"2026-06-09T12:23:56.747Z","event":"RATE_LIMIT_EXCEEDED","ip":"::1","type":"upload","count":34,"limit":10,"windowMs":60000,"url":"/uploads/ads/ad-1780455655713-i8komq.jpg"}
{"timestamp":"2026-06-09T12:23:56.761Z","event":"RATE_LIMIT_EXCEEDED","ip":"::1","type":"upload","count":35,"limit":10,"windowMs":60000,"url":"/uploads/avatars/user-1780488213066-coxqv0.png"}
{"timestamp":"2026-06-09T12:24:00.744Z","event":"RATE_LIMIT_EXCEEDED","ip":"::1","type":"upload","count":36,"limit":10,"windowMs":60000,"url":"/uploads/ads/ad-1780455655713-i8komq.jpg"}
{"timestamp":"2026-06-09T12:24:00.745Z","event":"RATE_LIMIT_EXCEEDED","ip":"::1","type":"upload","count":37,"limit":10,"windowMs":60000,"url":"/uploads/ads/ad-1780456300523-5owfd7.png"}
{"timestamp":"2026-06-09T12:24:01.758Z","event":"RATE_LIMIT_EXCEEDED","ip":"::1","type":"upload","count":38,"limit":10,"windowMs":60000,"url":"/uploads/avatars/user-1780488213066-coxqv0.png"}
{"timestamp":"2026-06-09T12:24:04.744Z","event":"RATE_LIMIT_EXCEEDED","ip":"::1","type":"upload","count":39,"limit":10,"windowMs":60000,"url":"/uploads/ads/ad-1780456300523-5owfd7.png"}
{"timestamp":"2026-06-09T12:24:04.745Z","event":"RATE_LIMIT_EXCEEDED","ip":"::1","type":"upload","count":40,"limit":10,"windowMs":60000,"url":"/uploads/ads/ad-1780456726799-nwarwp.png"}
{"timestamp":"2026-06-09T12:24:06.764Z","event":"RATE_LIMIT_EXCEEDED","ip":"::1","type":"upload","count":41,"limit":10,"windowMs":60000,"url":"/uploads/avatars/user-1780488213066-coxqv0.png"}
{"timestamp":"2026-06-09T12:24:08.743Z","event":"RATE_LIMIT_EXCEEDED","ip":"::1","type":"upload","count":42,"limit":10,"windowMs":60000,"url":"/uploads/ads/ad-1780456726799-nwarwp.png"}
{"timestamp":"2026-06-09T12:24:08.744Z","event":"RATE_LIMIT_EXCEEDED","ip":"::1","type":"upload","count":43,"limit":10,"windowMs":60000,"url":"/uploads/ads/ad-1780455655713-i8komq.jpg"}
{"timestamp":"2026-06-09T12:24:11.756Z","event":"RATE_LIMIT_EXCEEDED","ip":"::1","type":"upload","count":43,"limit":10,"windowMs":60000,"url":"/uploads/avatars/user-1780488213066-coxqv0.png"}
{"timestamp":"2026-06-09T12:24:12.746Z","event":"RATE_LIMIT_EXCEEDED","ip":"::1","type":"upload","count":44,"limit":10,"windowMs":60000,"url":"/uploads/ads/ad-1780455655713-i8komq.jpg"}
{"timestamp":"2026-06-09T12:24:12.747Z","event":"RATE_LIMIT_EXCEEDED","ip":"::1","type":"upload","count":45,"limit":10,"windowMs":60000,"url":"/uploads/ads/ad-1780456300523-5owfd7.png"}
{"timestamp":"2026-06-09T12:24:16.742Z","event":"RATE_LIMIT_EXCEEDED","ip":"::1","type":"upload","count":45,"limit":10,"windowMs":60000,"url":"/uploads/ads/ad-1780456300523-5owfd7.png"}
{"timestamp":"2026-06-09T12:24:16.745Z","event":"RATE_LIMIT_EXCEEDED","ip":"::1","type":"upload","count":45,"limit":10,"windowMs":60000,"url":"/uploads/ads/ad-1780456726799-nwarwp.png"}
{"timestamp":"2026-06-09T12:24:16.757Z","event":"RATE_LIMIT_EXCEEDED","ip":"::1","type":"upload","count":46,"limit":10,"windowMs":60000,"url":"/uploads/avatars/user-1780488213066-coxqv0.png"}
{"timestamp":"2026-06-09T12:24:20.746Z","event":"RATE_LIMIT_EXCEEDED","ip":"::1","type":"upload","count":47,"limit":10,"windowMs":60000,"url":"/uploads/ads/ad-1780456726799-nwarwp.png"}
{"timestamp":"2026-06-09T12:24:20.747Z","event":"RATE_LIMIT_EXCEEDED","ip":"::1","type":"upload","count":48,"limit":10,"windowMs":60000,"url":"/uploads/ads/ad-1780455655713-i8komq.jpg"}
{"timestamp":"2026-06-09T12:24:21.766Z","event":"RATE_LIMIT_EXCEEDED","ip":"::1","type":"upload","count":46,"limit":10,"windowMs":60000,"url":"/uploads/avatars/user-1780488213066-coxqv0.png"}
{"timestamp":"2026-06-09T12:24:24.750Z","event":"RATE_LIMIT_EXCEEDED","ip":"::1","type":"upload","count":42,"limit":10,"windowMs":60000,"url":"/uploads/ads/ad-1780455655713-i8komq.jpg"}
{"timestamp":"2026-06-09T12:24:24.751Z","event":"RATE_LIMIT_EXCEEDED","ip":"::1","type":"upload","count":43,"limit":10,"windowMs":60000,"url":"/uploads/ads/ad-1780456300523-5owfd7.png"}
{"timestamp":"2026-06-09T12:24:26.761Z","event":"RATE_LIMIT_EXCEEDED","ip":"::1","type":"upload","count":43,"limit":10,"windowMs":60000,"url":"/uploads/avatars/user-1780488213066-coxqv0.png"}
{"timestamp":"2026-06-09T12:24:28.744Z","event":"RATE_LIMIT_EXCEEDED","ip":"::1","type":"upload","count":42,"limit":10,"windowMs":60000,"url":"/uploads/ads/ad-1780456300523-5owfd7.png"}
{"timestamp":"2026-06-09T12:24:28.745Z","event":"RATE_LIMIT_EXCEEDED","ip":"::1","type":"upload","count":43,"limit":10,"windowMs":60000,"url":"/uploads/ads/ad-1780456726799-nwarwp.png"}
{"timestamp":"2026-06-09T12:25:06.754Z","event":"RATE_LIMIT_EXCEEDED","ip":"::1","type":"upload","count":18,"limit":10,"windowMs":60000,"url":"/uploads/ads/ad-1780456726799-nwarwp.png"}
{"timestamp":"2026-06-09T12:25:06.757Z","event":"RATE_LIMIT_EXCEEDED","ip":"::1","type":"upload","count":19,"limit":10,"windowMs":60000,"url":"/uploads/ads/ad-1780455655713-i8komq.jpg"}
{"timestamp":"2026-06-09T12:25:06.771Z","event":"RATE_LIMIT_EXCEEDED","ip":"::1","type":"upload","count":19,"limit":10,"windowMs":60000,"url":"/uploads/avatars/user-1780488213066-coxqv0.png"}
{"timestamp":"2026-06-09T12:25:06.772Z","event":"RATE_LIMIT_EXCEEDED","ip":"::1","type":"upload","count":20,"limit":10,"windowMs":60000,"url":"/uploads/avatars/user-1780488213066-coxqv0.png"}
{"timestamp":"2026-06-09T12:26:06.252Z","event":"RATE_LIMIT_EXCEEDED","ip":"::1","type":"upload","count":11,"limit":10,"windowMs":60000,"url":"/uploads/ads/ad-1780456726799-nwarwp.png"}
{"timestamp":"2026-06-09T12:26:06.741Z","event":"RATE_LIMIT_EXCEEDED","ip":"::1","type":"upload","count":12,"limit":10,"windowMs":60000,"url":"/uploads/ads/ad-1780456300523-5owfd7.png"}
{"timestamp":"2026-06-09T12:26:06.757Z","event":"RATE_LIMIT_EXCEEDED","ip":"::1","type":"upload","count":12,"limit":10,"windowMs":60000,"url":"/uploads/avatars/user-1780488213066-coxqv0.png"}
{"timestamp":"2026-06-09T12:26:14.247Z","event":"RATE_LIMIT_EXCEEDED","ip":"::1","type":"upload","count":11,"limit":10,"windowMs":60000,"url":"/uploads/ads/ad-1780456300523-5owfd7.png"}
{"timestamp":"2026-06-09T12:26:14.257Z","event":"RATE_LIMIT_EXCEEDED","ip":"::1","type":"upload","count":12,"limit":10,"windowMs":60000,"url":"/uploads/avatars/user-1780488213066-coxqv0.png"}
{"timestamp":"2026-06-09T12:26:18.246Z","event":"RATE_LIMIT_EXCEEDED","ip":"::1","type":"upload","count":13,"limit":10,"windowMs":60000,"url":"/uploads/ads/ad-1780456726799-nwarwp.png"}
{"timestamp":"2026-06-09T12:26:24.256Z","event":"RATE_LIMIT_EXCEEDED","ip":"::1","type":"upload","count":14,"limit":10,"windowMs":60000,"url":"/uploads/avatars/user-1780488213066-coxqv0.png"}
{"timestamp":"2026-06-09T12:26:26.245Z","event":"RATE_LIMIT_EXCEEDED","ip":"::1","type":"upload","count":15,"limit":10,"windowMs":60000,"url":"/uploads/ads/ad-1780456300523-5owfd7.png"}
{"timestamp":"2026-06-09T12:26:30.246Z","event":"RATE_LIMIT_EXCEEDED","ip":"::1","type":"upload","count":16,"limit":10,"windowMs":60000,"url":"/uploads/ads/ad-1780456726799-nwarwp.png"}
{"timestamp":"2026-06-09T12:26:34.254Z","event":"RATE_LIMIT_EXCEEDED","ip":"::1","type":"upload","count":13,"limit":10,"windowMs":60000,"url":"/uploads/ads/ad-1780455655713-i8komq.jpg"}
{"timestamp":"2026-06-09T12:26:34.273Z","event":"RATE_LIMIT_EXCEEDED","ip":"::1","type":"upload","count":14,"limit":10,"windowMs":60000,"url":"/uploads/avatars/user-1780488213066-coxqv0.png"}
{"timestamp":"2026-06-09T12:26:38.257Z","event":"RATE_LIMIT_EXCEEDED","ip":"::1","type":"upload","count":14,"limit":10,"windowMs":60000,"url":"/uploads/ads/ad-1780456300523-5owfd7.png"}
{"timestamp":"2026-06-09T12:26:38.645Z","event":"RATE_LIMIT_EXCEEDED","ip":"::1","type":"upload","count":15,"limit":10,"windowMs":60000,"url":"/uploads/avatars/user-1780488213066-coxqv0.png"}
{"timestamp":"2026-06-09T12:26:38.657Z","event":"RATE_LIMIT_EXCEEDED","ip":"::1","type":"upload","count":16,"limit":10,"windowMs":60000,"url":"/uploads/ads/ad-1780455655713-i8komq.jpg"}
{"timestamp":"2026-06-09T12:26:38.669Z","event":"RATE_LIMIT_EXCEEDED","ip":"::1","type":"upload","count":17,"limit":10,"windowMs":60000,"url":"/uploads/avatars/user-1780488213066-coxqv0.png"}
{"timestamp":"2026-06-09T12:26:42.622Z","event":"RATE_LIMIT_EXCEEDED","ip":"::1","type":"upload","count":17,"limit":10,"windowMs":60000,"url":"/uploads/avatars/user-1780488213066-coxqv0.png"}
{"timestamp":"2026-06-09T12:26:42.650Z","event":"RATE_LIMIT_EXCEEDED","ip":"::1","type":"upload","count":18,"limit":10,"windowMs":60000,"url":"/uploads/ads/ad-1780456300523-5owfd7.png"}
{"timestamp":"2026-06-09T12:26:43.943Z","event":"RATE_LIMIT_EXCEEDED","ip":"::1","type":"upload","count":19,"limit":10,"windowMs":60000,"url":"/uploads/avatars/user-1780488213066-coxqv0.png"}
{"timestamp":"2026-06-09T12:26:43.965Z","event":"RATE_LIMIT_EXCEEDED","ip":"::1","type":"upload","count":20,"limit":10,"windowMs":60000,"url":"/uploads/ads/ad-1780455655713-i8komq.jpg"}
{"timestamp":"2026-06-09T12:26:43.969Z","event":"RATE_LIMIT_EXCEEDED","ip":"::1","type":"upload","count":21,"limit":10,"windowMs":60000,"url":"/uploads/avatars/user-1780488213066-coxqv0.png"}
{"timestamp":"2026-06-09T12:26:47.279Z","event":"RATE_LIMIT_EXCEEDED","ip":"::1","type":"upload","count":22,"limit":10,"windowMs":60000,"url":"/uploads/avatars/user-1780488213066-coxqv0.png"}
{"timestamp":"2026-06-09T12:26:47.960Z","event":"RATE_LIMIT_EXCEEDED","ip":"::1","type":"upload","count":23,"limit":10,"windowMs":60000,"url":"/uploads/ads/ad-1780456300523-5owfd7.png"}
{"timestamp":"2026-06-09T12:26:50.584Z","event":"RATE_LIMIT_EXCEEDED","ip":"::1","type":"upload","count":24,"limit":10,"windowMs":60000,"url":"/uploads/avatars/user-1780488213066-coxqv0.png"}
{"timestamp":"2026-06-09T12:26:51.967Z","event":"RATE_LIMIT_EXCEEDED","ip":"::1","type":"upload","count":25,"limit":10,"windowMs":60000,"url":"/uploads/ads/ad-1780456726799-nwarwp.png"}
{"timestamp":"2026-06-09T12:26:53.975Z","event":"RATE_LIMIT_EXCEEDED","ip":"::1","type":"upload","count":26,"limit":10,"windowMs":60000,"url":"/uploads/avatars/user-1780488213066-coxqv0.png"}
{"timestamp":"2026-06-09T12:26:55.954Z","event":"RATE_LIMIT_EXCEEDED","ip":"::1","type":"upload","count":27,"limit":10,"windowMs":60000,"url":"/uploads/ads/ad-1780455655713-i8komq.jpg"}
{"timestamp":"2026-06-09T12:26:59.964Z","event":"RATE_LIMIT_EXCEEDED","ip":"::1","type":"upload","count":28,"limit":10,"windowMs":60000,"url":"/uploads/ads/ad-1780456300523-5owfd7.png"}
{"timestamp":"2026-06-09T12:27:03.958Z","event":"RATE_LIMIT_EXCEEDED","ip":"::1","type":"upload","count":29,"limit":10,"windowMs":60000,"url":"/uploads/ads/ad-1780456726799-nwarwp.png"}
{"timestamp":"2026-06-09T12:27:03.973Z","event":"RATE_LIMIT_EXCEEDED","ip":"::1","type":"upload","count":30,"limit":10,"windowMs":60000,"url":"/uploads/avatars/user-1780488213066-coxqv0.png"}
{"timestamp":"2026-06-09T12:27:06.744Z","event":"RATE_LIMIT_EXCEEDED","ip":"::1","type":"upload","count":29,"limit":10,"windowMs":60000,"url":"/uploads/ads/ad-1780456726799-nwarwp.png"}
{"timestamp":"2026-06-09T12:27:06.758Z","event":"RATE_LIMIT_EXCEEDED","ip":"::1","type":"upload","count":29,"limit":10,"windowMs":60000,"url":"/uploads/avatars/user-1780488213066-coxqv0.png"}
{"timestamp":"2026-06-09T12:27:08.766Z","event":"RATE_LIMIT_EXCEEDED","ip":"::1","type":"upload","count":30,"limit":10,"windowMs":60000,"url":"/uploads/ads/ad-1780455655713-i8komq.jpg"}
{"timestamp":"2026-06-09T12:27:12.748Z","event":"RATE_LIMIT_EXCEEDED","ip":"::1","type":"upload","count":30,"limit":10,"windowMs":60000,"url":"/uploads/ads/ad-1780456300523-5owfd7.png"}
{"timestamp":"2026-06-09T12:27:14.781Z","event":"RATE_LIMIT_EXCEEDED","ip":"::1","type":"upload","count":29,"limit":10,"windowMs":60000,"url":"/uploads/avatars/user-1780488213066-coxqv0.png"}
{"timestamp":"2026-06-09T12:27:16.748Z","event":"RATE_LIMIT_EXCEEDED","ip":"::1","type":"upload","count":30,"limit":10,"windowMs":60000,"url":"/uploads/ads/ad-1780456726799-nwarwp.png"}
{"timestamp":"2026-06-09T12:27:20.749Z","event":"RATE_LIMIT_EXCEEDED","ip":"::1","type":"upload","count":30,"limit":10,"windowMs":60000,"url":"/uploads/ads/ad-1780455655713-i8komq.jpg"}
{"timestamp":"2026-06-09T12:27:24.759Z","event":"RATE_LIMIT_EXCEEDED","ip":"::1","type":"upload","count":30,"limit":10,"windowMs":60000,"url":"/uploads/ads/ad-1780456300523-5owfd7.png"}
{"timestamp":"2026-06-09T12:27:24.773Z","event":"RATE_LIMIT_EXCEEDED","ip":"::1","type":"upload","count":31,"limit":10,"windowMs":60000,"url":"/uploads/avatars/user-1780488213066-coxqv0.png"}
{"timestamp":"2026-06-09T12:27:28.751Z","event":"RATE_LIMIT_EXCEEDED","ip":"::1","type":"upload","count":31,"limit":10,"windowMs":60000,"url":"/uploads/ads/ad-1780456726799-nwarwp.png"}
{"timestamp":"2026-06-09T12:27:32.743Z","event":"RATE_LIMIT_EXCEEDED","ip":"::1","type":"upload","count":31,"limit":10,"windowMs":60000,"url":"/uploads/ads/ad-1780455655713-i8komq.jpg"}
{"timestamp":"2026-06-09T12:27:34.773Z","event":"RATE_LIMIT_EXCEEDED","ip":"::1","type":"upload","count":30,"limit":10,"windowMs":60000,"url":"/uploads/avatars/user-1780488213066-coxqv0.png"}
{"timestamp":"2026-06-09T12:27:36.743Z","event":"RATE_LIMIT_EXCEEDED","ip":"::1","type":"upload","count":31,"limit":10,"windowMs":60000,"url":"/uploads/ads/ad-1780456300523-5owfd7.png"}
{"timestamp":"2026-06-09T12:27:40.755Z","event":"RATE_LIMIT_EXCEEDED","ip":"::1","type":"upload","count":28,"limit":10,"windowMs":60000,"url":"/uploads/ads/ad-1780456726799-nwarwp.png"}
{"timestamp":"2026-06-09T12:27:44.756Z","event":"RATE_LIMIT_EXCEEDED","ip":"::1","type":"upload","count":24,"limit":10,"windowMs":60000,"url":"/uploads/ads/ad-1780455655713-i8komq.jpg"}
{"timestamp":"2026-06-09T12:27:44.771Z","event":"RATE_LIMIT_EXCEEDED","ip":"::1","type":"upload","count":25,"limit":10,"windowMs":60000,"url":"/uploads/avatars/user-1780488213066-coxqv0.png"}
{"timestamp":"2026-06-09T12:27:48.757Z","event":"RATE_LIMIT_EXCEEDED","ip":"::1","type":"upload","count":24,"limit":10,"windowMs":60000,"url":"/uploads/ads/ad-1780456300523-5owfd7.png"}
{"timestamp":"2026-06-09T12:27:52.749Z","event":"RATE_LIMIT_EXCEEDED","ip":"::1","type":"upload","count":23,"limit":10,"windowMs":60000,"url":"/uploads/ads/ad-1780456726799-nwarwp.png"}
{"timestamp":"2026-06-09T12:27:54.767Z","event":"RATE_LIMIT_EXCEEDED","ip":"::1","type":"upload","count":23,"limit":10,"windowMs":60000,"url":"/uploads/avatars/user-1780488213066-coxqv0.png"}
{"timestamp":"2026-06-09T12:27:56.755Z","event":"RATE_LIMIT_EXCEEDED","ip":"::1","type":"upload","count":23,"limit":10,"windowMs":60000,"url":"/uploads/ads/ad-1780455655713-i8komq.jpg"}
{"timestamp":"2026-06-09T12:28:00.746Z","event":"RATE_LIMIT_EXCEEDED","ip":"::1","type":"upload","count":23,"limit":10,"windowMs":60000,"url":"/uploads/ads/ad-1780456300523-5owfd7.png"}
{"timestamp":"2026-06-09T12:28:06.744Z","event":"RATE_LIMIT_EXCEEDED","ip":"::1","type":"upload","count":22,"limit":10,"windowMs":60000,"url":"/uploads/ads/ad-1780455655713-i8komq.jpg"}
{"timestamp":"2026-06-09T12:28:06.749Z","event":"RATE_LIMIT_EXCEEDED","ip":"::1","type":"upload","count":22,"limit":10,"windowMs":60000,"url":"/uploads/ads/ad-1780456726799-nwarwp.png"}
{"timestamp":"2026-06-09T12:28:06.759Z","event":"RATE_LIMIT_EXCEEDED","ip":"::1","type":"upload","count":22,"limit":10,"windowMs":60000,"url":"/uploads/avatars/user-1780488213066-coxqv0.png"}
{"timestamp":"2026-06-09T12:28:06.762Z","event":"RATE_LIMIT_EXCEEDED","ip":"::1","type":"upload","count":23,"limit":10,"windowMs":60000,"url":"/uploads/avatars/user-1780488213066-coxqv0.png"}
{"timestamp":"2026-06-09T12:33:44.764Z","event":"RATE_LIMIT_EXCEEDED","ip":"::1","type":"upload","count":11,"limit":10,"windowMs":60000,"url":"/uploads/avatars/user-1780488213066-coxqv0.png"}
{"timestamp":"2026-06-09T12:33:48.752Z","event":"RATE_LIMIT_EXCEEDED","ip":"::1","type":"upload","count":12,"limit":10,"windowMs":60000,"url":"/uploads/ads/ad-1780455655713-i8komq.jpg"}
{"timestamp":"2026-06-09T12:33:48.755Z","event":"RATE_LIMIT_EXCEEDED","ip":"::1","type":"upload","count":13,"limit":10,"windowMs":60000,"url":"/uploads/ads/ad-1780455655713-i8komq.jpg"}
{"timestamp":"2026-06-09T12:33:51.755Z","event":"RATE_LIMIT_EXCEEDED","ip":"::1","type":"upload","count":14,"limit":10,"windowMs":60000,"url":"/uploads/avatars/user-1780488213066-coxqv0.png"}
{"timestamp":"2026-06-09T12:33:52.743Z","event":"RATE_LIMIT_EXCEEDED","ip":"::1","type":"upload","count":15,"limit":10,"windowMs":60000,"url":"/uploads/ads/ad-1780456300523-5owfd7.png"}
{"timestamp":"2026-06-09T12:33:52.744Z","event":"RATE_LIMIT_EXCEEDED","ip":"::1","type":"upload","count":16,"limit":10,"windowMs":60000,"url":"/uploads/ads/ad-1780456300523-5owfd7.png"}
{"timestamp":"2026-06-09T12:33:54.772Z","event":"RATE_LIMIT_EXCEEDED","ip":"::1","type":"upload","count":17,"limit":10,"windowMs":60000,"url":"/uploads/avatars/user-1780488213066-coxqv0.png"}
{"timestamp":"2026-06-09T12:33:56.754Z","event":"RATE_LIMIT_EXCEEDED","ip":"::1","type":"upload","count":18,"limit":10,"windowMs":60000,"url":"/uploads/ads/ad-1780456726799-nwarwp.png"}
{"timestamp":"2026-06-09T12:33:56.755Z","event":"RATE_LIMIT_EXCEEDED","ip":"::1","type":"upload","count":19,"limit":10,"windowMs":60000,"url":"/uploads/ads/ad-1780456726799-nwarwp.png"}
{"timestamp":"2026-06-09T12:34:00.755Z","event":"RATE_LIMIT_EXCEEDED","ip":"::1","type":"upload","count":20,"limit":10,"windowMs":60000,"url":"/uploads/ads/ad-1780455655713-i8komq.jpg"}
{"timestamp":"2026-06-09T12:34:00.756Z","event":"RATE_LIMIT_EXCEEDED","ip":"::1","type":"upload","count":21,"limit":10,"windowMs":60000,"url":"/uploads/ads/ad-1780455655713-i8komq.jpg"}
{"timestamp":"2026-06-09T12:34:01.758Z","event":"RATE_LIMIT_EXCEEDED","ip":"::1","type":"upload","count":22,"limit":10,"windowMs":60000,"url":"/uploads/avatars/user-1780488213066-coxqv0.png"}
{"timestamp":"2026-06-09T12:34:04.744Z","event":"RATE_LIMIT_EXCEEDED","ip":"::1","type":"upload","count":23,"limit":10,"windowMs":60000,"url":"/uploads/ads/ad-1780456300523-5owfd7.png"}
{"timestamp":"2026-06-09T12:34:04.746Z","event":"RATE_LIMIT_EXCEEDED","ip":"::1","type":"upload","count":24,"limit":10,"windowMs":60000,"url":"/uploads/ads/ad-1780456300523-5owfd7.png"}
{"timestamp":"2026-06-09T12:34:04.756Z","event":"RATE_LIMIT_EXCEEDED","ip":"::1","type":"upload","count":25,"limit":10,"windowMs":60000,"url":"/uploads/avatars/user-1780488213066-coxqv0.png"}
{"timestamp":"2026-06-09T12:34:08.742Z","event":"RATE_LIMIT_EXCEEDED","ip":"::1","type":"upload","count":22,"limit":10,"windowMs":60000,"url":"/uploads/ads/ad-1780456726799-nwarwp.png"}
{"timestamp":"2026-06-09T12:34:08.744Z","event":"RATE_LIMIT_EXCEEDED","ip":"::1","type":"upload","count":23,"limit":10,"windowMs":60000,"url":"/uploads/ads/ad-1780456726799-nwarwp.png"}
{"timestamp":"2026-06-09T12:34:11.769Z","event":"RATE_LIMIT_EXCEEDED","ip":"::1","type":"upload","count":24,"limit":10,"windowMs":60000,"url":"/uploads/avatars/user-1780488213066-coxqv0.png"}
{"timestamp":"2026-06-09T12:34:12.755Z","event":"RATE_LIMIT_EXCEEDED","ip":"::1","type":"upload","count":25,"limit":10,"windowMs":60000,"url":"/uploads/ads/ad-1780455655713-i8komq.jpg"}
{"timestamp":"2026-06-09T12:34:12.756Z","event":"RATE_LIMIT_EXCEEDED","ip":"::1","type":"upload","count":26,"limit":10,"windowMs":60000,"url":"/uploads/ads/ad-1780455655713-i8komq.jpg"}
{"timestamp":"2026-06-09T12:34:14.769Z","event":"RATE_LIMIT_EXCEEDED","ip":"::1","type":"upload","count":27,"limit":10,"windowMs":60000,"url":"/uploads/avatars/user-1780488213066-coxqv0.png"}
{"timestamp":"2026-06-09T12:34:16.754Z","event":"RATE_LIMIT_EXCEEDED","ip":"::1","type":"upload","count":28,"limit":10,"windowMs":60000,"url":"/uploads/ads/ad-1780456300523-5owfd7.png"}
{"timestamp":"2026-06-09T12:34:16.756Z","event":"RATE_LIMIT_EXCEEDED","ip":"::1","type":"upload","count":29,"limit":10,"windowMs":60000,"url":"/uploads/ads/ad-1780456300523-5owfd7.png"}
{"timestamp":"2026-06-09T12:34:20.754Z","event":"RATE_LIMIT_EXCEEDED","ip":"::1","type":"upload","count":30,"limit":10,"windowMs":60000,"url":"/uploads/ads/ad-1780456726799-nwarwp.png"}
{"timestamp":"2026-06-09T12:34:20.756Z","event":"RATE_LIMIT_EXCEEDED","ip":"::1","type":"upload","count":31,"limit":10,"windowMs":60000,"url":"/uploads/ads/ad-1780456726799-nwarwp.png"}
{"timestamp":"2026-06-09T12:34:21.774Z","event":"RATE_LIMIT_EXCEEDED","ip":"::1","type":"upload","count":32,"limit":10,"windowMs":60000,"url":"/uploads/avatars/user-1780488213066-coxqv0.png"}
{"timestamp":"2026-06-09T12:34:24.746Z","event":"RATE_LIMIT_EXCEEDED","ip":"::1","type":"upload","count":33,"limit":10,"windowMs":60000,"url":"/uploads/ads/ad-1780455655713-i8komq.jpg"}
{"timestamp":"2026-06-09T12:34:24.748Z","event":"RATE_LIMIT_EXCEEDED","ip":"::1","type":"upload","count":34,"limit":10,"windowMs":60000,"url":"/uploads/ads/ad-1780455655713-i8komq.jpg"}
{"timestamp":"2026-06-09T12:34:24.760Z","event":"RATE_LIMIT_EXCEEDED","ip":"::1","type":"upload","count":35,"limit":10,"windowMs":60000,"url":"/uploads/avatars/user-1780488213066-coxqv0.png"}
{"timestamp":"2026-06-09T12:34:28.744Z","event":"RATE_LIMIT_EXCEEDED","ip":"::1","type":"upload","count":36,"limit":10,"windowMs":60000,"url":"/uploads/ads/ad-1780456300523-5owfd7.png"}
{"timestamp":"2026-06-09T12:34:28.745Z","event":"RATE_LIMIT_EXCEEDED","ip":"::1","type":"upload","count":37,"limit":10,"windowMs":60000,"url":"/uploads/ads/ad-1780456300523-5owfd7.png"}
{"timestamp":"2026-06-09T12:34:31.763Z","event":"RATE_LIMIT_EXCEEDED","ip":"::1","type":"upload","count":38,"limit":10,"windowMs":60000,"url":"/uploads/avatars/user-1780488213066-coxqv0.png"}
{"timestamp":"2026-06-09T12:34:32.748Z","event":"RATE_LIMIT_EXCEEDED","ip":"::1","type":"upload","count":39,"limit":10,"windowMs":60000,"url":"/uploads/ads/ad-1780456726799-nwarwp.png"}
{"timestamp":"2026-06-09T12:34:32.751Z","event":"RATE_LIMIT_EXCEEDED","ip":"::1","type":"upload","count":40,"limit":10,"windowMs":60000,"url":"/uploads/ads/ad-1780456726799-nwarwp.png"}
{"timestamp":"2026-06-09T12:34:34.764Z","event":"RATE_LIMIT_EXCEEDED","ip":"::1","type":"upload","count":41,"limit":10,"windowMs":60000,"url":"/uploads/avatars/user-1780488213066-coxqv0.png"}
{"timestamp":"2026-06-09T12:34:36.749Z","event":"RATE_LIMIT_EXCEEDED","ip":"::1","type":"upload","count":41,"limit":10,"windowMs":60000,"url":"/uploads/ads/ad-1780455655713-i8komq.jpg"}
{"timestamp":"2026-06-09T12:34:36.753Z","event":"RATE_LIMIT_EXCEEDED","ip":"::1","type":"upload","count":42,"limit":10,"windowMs":60000,"url":"/uploads/ads/ad-1780455655713-i8komq.jpg"}
{"timestamp":"2026-06-09T12:35:06.754Z","event":"RATE_LIMIT_EXCEEDED","ip":"::1","type":"upload","count":23,"limit":10,"windowMs":60000,"url":"/uploads/ads/ad-1780456300523-5owfd7.png"}
{"timestamp":"2026-06-09T12:35:06.764Z","event":"RATE_LIMIT_EXCEEDED","ip":"::1","type":"upload","count":24,"limit":10,"windowMs":60000,"url":"/uploads/ads/ad-1780456300523-5owfd7.png"}
{"timestamp":"2026-06-09T12:35:06.778Z","event":"RATE_LIMIT_EXCEEDED","ip":"::1","type":"upload","count":25,"limit":10,"windowMs":60000,"url":"/uploads/avatars/user-1780488213066-coxqv0.png"}
{"timestamp":"2026-06-09T12:35:06.780Z","event":"RATE_LIMIT_EXCEEDED","ip":"::1","type":"upload","count":26,"limit":10,"windowMs":60000,"url":"/uploads/avatars/user-1780488213066-coxqv0.png"}
{"timestamp":"2026-06-09T12:36:52.721Z","event":"RATE_LIMIT_EXCEEDED","ip":"::1","type":"upload","count":11,"limit":10,"windowMs":60000,"url":"/uploads/ads/ad-1780455655713-i8komq.jpg"}
{"timestamp":"2026-06-09T12:36:56.748Z","event":"RATE_LIMIT_EXCEEDED","ip":"::1","type":"upload","count":12,"limit":10,"windowMs":60000,"url":"/uploads/ads/ad-1780456300523-5owfd7.png"}
{"timestamp":"2026-06-09T12:37:00.755Z","event":"RATE_LIMIT_EXCEEDED","ip":"::1","type":"upload","count":13,"limit":10,"windowMs":60000,"url":"/uploads/ads/ad-1780456726799-nwarwp.png"}
{"timestamp":"2026-06-09T12:37:02.813Z","event":"RATE_LIMIT_EXCEEDED","ip":"::1","type":"upload","count":14,"limit":10,"windowMs":60000,"url":"/uploads/avatars/user-1780488213066-coxqv0.png"}
{"timestamp":"2026-06-09T12:37:02.827Z","event":"RATE_LIMIT_EXCEEDED","ip":"::1","type":"upload","count":15,"limit":10,"windowMs":60000,"url":"/uploads/ads/ad-1780455655713-i8komq.jpg"}
{"timestamp":"2026-06-09T12:37:02.837Z","event":"RATE_LIMIT_EXCEEDED","ip":"::1","type":"upload","count":16,"limit":10,"windowMs":60000,"url":"/uploads/avatars/user-1780488213066-coxqv0.png"}
{"timestamp":"2026-06-09T12:37:03.513Z","event":"RATE_LIMIT_EXCEEDED","ip":"::1","type":"upload","count":17,"limit":10,"windowMs":60000,"url":"/uploads/avatars/user-1780488213066-coxqv0.png"}
{"timestamp":"2026-06-09T12:37:03.527Z","event":"RATE_LIMIT_EXCEEDED","ip":"::1","type":"upload","count":18,"limit":10,"windowMs":60000,"url":"/uploads/ads/ad-1780455655713-i8komq.jpg"}
{"timestamp":"2026-06-09T12:37:03.532Z","event":"RATE_LIMIT_EXCEEDED","ip":"::1","type":"upload","count":19,"limit":10,"windowMs":60000,"url":"/uploads/avatars/user-1780488213066-coxqv0.png"}
{"timestamp":"2026-06-09T12:37:03.792Z","event":"RATE_LIMIT_EXCEEDED","ip":"::1","type":"upload","count":20,"limit":10,"windowMs":60000,"url":"/uploads/avatars/user-1780488213066-coxqv0.png"}
{"timestamp":"2026-06-09T12:37:03.806Z","event":"RATE_LIMIT_EXCEEDED","ip":"::1","type":"upload","count":21,"limit":10,"windowMs":60000,"url":"/uploads/ads/ad-1780455655713-i8komq.jpg"}
{"timestamp":"2026-06-09T12:37:03.807Z","event":"RATE_LIMIT_EXCEEDED","ip":"::1","type":"upload","count":22,"limit":10,"windowMs":60000,"url":"/uploads/avatars/user-1780488213066-coxqv0.png"}
{"timestamp":"2026-06-09T12:37:03.953Z","event":"RATE_LIMIT_EXCEEDED","ip":"::1","type":"upload","count":23,"limit":10,"windowMs":60000,"url":"/uploads/avatars/user-1780488213066-coxqv0.png"}
{"timestamp":"2026-06-09T12:37:03.968Z","event":"RATE_LIMIT_EXCEEDED","ip":"::1","type":"upload","count":24,"limit":10,"windowMs":60000,"url":"/uploads/ads/ad-1780455655713-i8komq.jpg"}
{"timestamp":"2026-06-09T12:37:03.969Z","event":"RATE_LIMIT_EXCEEDED","ip":"::1","type":"upload","count":25,"limit":10,"windowMs":60000,"url":"/uploads/avatars/user-1780488213066-coxqv0.png"}
{"timestamp":"2026-06-09T12:37:04.134Z","event":"RATE_LIMIT_EXCEEDED","ip":"::1","type":"upload","count":26,"limit":10,"windowMs":60000,"url":"/uploads/avatars/user-1780488213066-coxqv0.png"}
{"timestamp":"2026-06-09T12:37:04.151Z","event":"RATE_LIMIT_EXCEEDED","ip":"::1","type":"upload","count":27,"limit":10,"windowMs":60000,"url":"/uploads/ads/ad-1780455655713-i8komq.jpg"}
{"timestamp":"2026-06-09T12:37:04.152Z","event":"RATE_LIMIT_EXCEEDED","ip":"::1","type":"upload","count":28,"limit":10,"windowMs":60000,"url":"/uploads/avatars/user-1780488213066-coxqv0.png"}
{"timestamp":"2026-06-09T12:37:04.293Z","event":"RATE_LIMIT_EXCEEDED","ip":"::1","type":"upload","count":29,"limit":10,"windowMs":60000,"url":"/uploads/avatars/user-1780488213066-coxqv0.png"}
{"timestamp":"2026-06-09T12:37:04.304Z","event":"RATE_LIMIT_EXCEEDED","ip":"::1","type":"upload","count":30,"limit":10,"windowMs":60000,"url":"/uploads/ads/ad-1780455655713-i8komq.jpg"}
{"timestamp":"2026-06-09T12:37:04.307Z","event":"RATE_LIMIT_EXCEEDED","ip":"::1","type":"upload","count":31,"limit":10,"windowMs":60000,"url":"/uploads/avatars/user-1780488213066-coxqv0.png"}
{"timestamp":"2026-06-09T12:37:04.548Z","event":"RATE_LIMIT_EXCEEDED","ip":"::1","type":"upload","count":32,"limit":10,"windowMs":60000,"url":"/uploads/avatars/user-1780488213066-coxqv0.png"}
{"timestamp":"2026-06-09T12:37:04.556Z","event":"RATE_LIMIT_EXCEEDED","ip":"::1","type":"upload","count":33,"limit":10,"windowMs":60000,"url":"/uploads/ads/ad-1780455655713-i8komq.jpg"}
{"timestamp":"2026-06-09T12:37:04.559Z","event":"RATE_LIMIT_EXCEEDED","ip":"::1","type":"upload","count":34,"limit":10,"windowMs":60000,"url":"/uploads/avatars/user-1780488213066-coxqv0.png"}
{"timestamp":"2026-06-09T12:37:05.375Z","event":"RATE_LIMIT_EXCEEDED","ip":"::1","type":"upload","count":35,"limit":10,"windowMs":60000,"url":"/uploads/avatars/user-1780488213066-coxqv0.png"}
{"timestamp":"2026-06-09T12:37:05.391Z","event":"RATE_LIMIT_EXCEEDED","ip":"::1","type":"upload","count":36,"limit":10,"windowMs":60000,"url":"/uploads/ads/ad-1780455655713-i8komq.jpg"}
{"timestamp":"2026-06-09T12:37:05.393Z","event":"RATE_LIMIT_EXCEEDED","ip":"::1","type":"upload","count":37,"limit":10,"windowMs":60000,"url":"/uploads/avatars/user-1780488213066-coxqv0.png"}
{"timestamp":"2026-06-09T12:37:05.626Z","event":"RATE_LIMIT_EXCEEDED","ip":"::1","type":"browse","count":301,"limit":300,"windowMs":60000,"url":"/app/css/style.css?v=3.0.10"}
{"timestamp":"2026-06-09T12:37:05.627Z","event":"RATE_LIMIT_EXCEEDED","ip":"::1","type":"browse","count":303,"limit":300,"windowMs":60000,"url":"/app/js/core.js?v=3.0.10"}
{"timestamp":"2026-06-09T12:37:05.628Z","event":"RATE_LIMIT_EXCEEDED","ip":"::1","type":"browse","count":305,"limit":300,"windowMs":60000,"url":"/app/js/order.js?v=3.0.10"}
{"timestamp":"2026-06-09T12:37:05.628Z","event":"RATE_LIMIT_EXCEEDED","ip":"::1","type":"browse","count":304,"limit":300,"windowMs":60000,"url":"/app/js/wall.js?v=3.0.10"}
{"timestamp":"2026-06-09T12:37:05.626Z","event":"RATE_LIMIT_EXCEEDED","ip":"::1","type":"browse","count":302,"limit":300,"windowMs":60000,"url":"/api.js?v=3.0.10"}
{"timestamp":"2026-06-09T12:37:05.629Z","event":"RATE_LIMIT_EXCEEDED","ip":"::1","type":"browse","count":306,"limit":300,"windowMs":60000,"url":"/app/js/market.js?v=3.0.10"}
{"timestamp":"2026-06-09T12:37:05.630Z","event":"RATE_LIMIT_EXCEEDED","ip":"::1","type":"browse","count":307,"limit":300,"windowMs":60000,"url":"/app/js/user.js?v=3.0.10"}
{"timestamp":"2026-06-09T12:37:05.630Z","event":"RATE_LIMIT_EXCEEDED","ip":"::1","type":"browse","count":308,"limit":300,"windowMs":60000,"url":"/app/js/address.js?v=3.0.10"}
{"timestamp":"2026-06-09T12:37:05.631Z","event":"RATE_LIMIT_EXCEEDED","ip":"::1","type":"browse","count":309,"limit":300,"windowMs":60000,"url":"/app/js/teachers.js?v=3.0.10"}
{"timestamp":"2026-06-09T12:37:05.632Z","event":"RATE_LIMIT_EXCEEDED","ip":"::1","type":"browse","count":310,"limit":300,"windowMs":60000,"url":"/app/js/pets.js?v=3.0.10"}
{"timestamp":"2026-06-09T12:37:05.633Z","event":"RATE_LIMIT_EXCEEDED","ip":"::1","type":"browse","count":311,"limit":300,"windowMs":60000,"url":"/app/js/feedback.js?v=3.0.10"}
{"timestamp":"2026-06-09T12:37:05.634Z","event":"RATE_LIMIT_EXCEEDED","ip":"::1","type":"browse","count":312,"limit":300,"windowMs":60000,"url":"/app/js/services.js?v=3.0.11"}
{"timestamp":"2026-06-09T12:37:05.635Z","event":"RATE_LIMIT_EXCEEDED","ip":"::1","type":"browse","count":313,"limit":300,"windowMs":60000,"url":"/app/js/discover.js?v=3.0.12"}
{"timestamp":"2026-06-09T12:37:05.637Z","event":"RATE_LIMIT_EXCEEDED","ip":"::1","type":"browse","count":314,"limit":300,"windowMs":60000,"url":"/images/xy-colorful.png"}
{"timestamp":"2026-06-09T12:37:05.775Z","event":"RATE_LIMIT_EXCEEDED","ip":"::1","type":"browse","count":315,"limit":300,"windowMs":60000,"url":"/app.html"}
{"timestamp":"2026-06-09T12:37:05.950Z","event":"RATE_LIMIT_EXCEEDED","ip":"::1","type":"browse","count":316,"limit":300,"windowMs":60000,"url":"/app.html"}
{"timestamp":"2026-06-09T12:37:06.102Z","event":"RATE_LIMIT_EXCEEDED","ip":"::1","type":"browse","count":317,"limit":300,"windowMs":60000,"url":"/app.html"}
{"timestamp":"2026-06-09T12:37:06.763Z","event":"RATE_LIMIT_EXCEEDED","ip":"::1","type":"upload","count":36,"limit":10,"windowMs":60000,"url":"/uploads/ads/ad-1780455655713-i8komq.jpg"}
{"timestamp":"2026-06-09T12:37:06.764Z","event":"RATE_LIMIT_EXCEEDED","ip":"::1","type":"browse","count":312,"limit":300,"windowMs":60000,"url":"/api/chat/unread"}
{"timestamp":"2026-06-09T12:37:06.765Z","event":"RATE_LIMIT_EXCEEDED","ip":"::1","type":"browse","count":311,"limit":300,"windowMs":60000,"url":"/api/notifications/13645653760"}
{"timestamp":"2026-06-09T12:37:06.765Z","event":"RATE_LIMIT_EXCEEDED","ip":"::1","type":"browse","count":312,"limit":300,"windowMs":60000,"url":"/api/orders?phone=13645653760"}
{"timestamp":"2026-06-09T12:37:06.788Z","event":"RATE_LIMIT_EXCEEDED","ip":"::1","type":"browse","count":311,"limit":300,"windowMs":60000,"url":"/api/users/13645653760"}
{"timestamp":"2026-06-09T12:37:06.788Z","event":"RATE_LIMIT_EXCEEDED","ip":"::1","type":"browse","count":312,"limit":300,"windowMs":60000,"url":"/api/wall/my-stats/13645653760"}
{"timestamp":"2026-06-09T12:37:07.754Z","event":"RATE_LIMIT_EXCEEDED","ip":"::1","type":"browse","count":313,"limit":300,"windowMs":60000,"url":"/app.html"}
{"timestamp":"2026-06-09T12:37:13.258Z","event":"RATE_LIMIT_EXCEEDED","ip":"::1","type":"browse","count":314,"limit":300,"windowMs":60000,"url":"/api/orders?phone=13645653760"}
{"timestamp":"2026-06-09T12:37:13.266Z","event":"RATE_LIMIT_EXCEEDED","ip":"::1","type":"upload","count":35,"limit":10,"windowMs":60000,"url":"/uploads/ads/ad-1780456300523-5owfd7.png"}
{"timestamp":"2026-06-09T12:37:13.269Z","event":"RATE_LIMIT_EXCEEDED","ip":"::1","type":"browse","count":316,"limit":300,"windowMs":60000,"url":"/api/wall/my-stats/13645653760"}
{"timestamp":"2026-06-09T12:37:13.269Z","event":"RATE_LIMIT_EXCEEDED","ip":"::1","type":"browse","count":315,"limit":300,"windowMs":60000,"url":"/api/users/13645653760"}
{"timestamp":"2026-06-09T12:37:13.966Z","event":"RATE_LIMIT_EXCEEDED","ip":"::1","type":"browse","count":317,"limit":300,"windowMs":60000,"url":"/api/chat/unread"}
{"timestamp":"2026-06-09T12:37:13.967Z","event":"RATE_LIMIT_EXCEEDED","ip":"::1","type":"browse","count":318,"limit":300,"windowMs":60000,"url":"/api/notifications/13645653760"}
{"timestamp":"2026-06-09T12:37:13.968Z","event":"RATE_LIMIT_EXCEEDED","ip":"::1","type":"browse","count":319,"limit":300,"windowMs":60000,"url":"/api/orders?phone=13645653760"}
{"timestamp":"2026-06-09T12:37:13.971Z","event":"RATE_LIMIT_EXCEEDED","ip":"::1","type":"browse","count":320,"limit":300,"windowMs":60000,"url":"/api/users/13645653760"}
{"timestamp":"2026-06-09T12:37:13.972Z","event":"RATE_LIMIT_EXCEEDED","ip":"::1","type":"browse","count":321,"limit":300,"windowMs":60000,"url":"/api/wall/my-stats/13645653760"}
{"timestamp":"2026-06-09T12:37:15.952Z","event":"RATE_LIMIT_EXCEEDED","ip":"::1","type":"upload","count":36,"limit":10,"windowMs":60000,"url":"/uploads/ads/ad-1780456726799-nwarwp.png"}
{"timestamp":"2026-06-09T12:37:19.962Z","event":"RATE_LIMIT_EXCEEDED","ip":"::1","type":"upload","count":37,"limit":10,"windowMs":60000,"url":"/uploads/ads/ad-1780455655713-i8komq.jpg"}
{"timestamp":"2026-06-09T12:37:24.755Z","event":"RATE_LIMIT_EXCEEDED","ip":"::1","type":"upload","count":38,"limit":10,"windowMs":60000,"url":"/uploads/ads/ad-1780456300523-5owfd7.png"}
{"timestamp":"2026-06-09T12:37:24.756Z","event":"RATE_LIMIT_EXCEEDED","ip":"::1","type":"browse","count":322,"limit":300,"windowMs":60000,"url":"/api/orders?phone=13645653760"}
{"timestamp":"2026-06-09T12:37:24.759Z","event":"RATE_LIMIT_EXCEEDED","ip":"::1","type":"browse","count":323,"limit":300,"windowMs":60000,"url":"/api/users/13645653760"}
{"timestamp":"2026-06-09T12:37:24.760Z","event":"RATE_LIMIT_EXCEEDED","ip":"::1","type":"browse","count":324,"limit":300,"windowMs":60000,"url":"/api/wall/my-stats/13645653760"}
{"timestamp":"2026-06-09T12:37:28.756Z","event":"RATE_LIMIT_EXCEEDED","ip":"::1","type":"upload","count":39,"limit":10,"windowMs":60000,"url":"/uploads/ads/ad-1780456726799-nwarwp.png"}
{"timestamp":"2026-06-09T12:37:29.747Z","event":"RATE_LIMIT_EXCEEDED","ip":"::1","type":"browse","count":325,"limit":300,"windowMs":60000,"url":"/api/chat/unread"}
{"timestamp":"2026-06-09T12:37:32.756Z","event":"RATE_LIMIT_EXCEEDED","ip":"::1","type":"upload","count":37,"limit":10,"windowMs":60000,"url":"/uploads/ads/ad-1780455655713-i8komq.jpg"}
{"timestamp":"2026-06-09T12:37:34.741Z","event":"RATE_LIMIT_EXCEEDED","ip":"::1","type":"browse","count":318,"limit":300,"windowMs":60000,"url":"/api/orders?phone=13645653760"}
{"timestamp":"2026-06-09T12:37:34.747Z","event":"RATE_LIMIT_EXCEEDED","ip":"::1","type":"browse","count":319,"limit":300,"windowMs":60000,"url":"/api/users/13645653760"}
{"timestamp":"2026-06-09T12:37:34.748Z","event":"RATE_LIMIT_EXCEEDED","ip":"::1","type":"browse","count":320,"limit":300,"windowMs":60000,"url":"/api/wall/my-stats/13645653760"}
{"timestamp":"2026-06-09T12:37:36.755Z","event":"RATE_LIMIT_EXCEEDED","ip":"::1","type":"upload","count":38,"limit":10,"windowMs":60000,"url":"/uploads/ads/ad-1780456300523-5owfd7.png"}
{"timestamp":"2026-06-09T12:37:39.192Z","event":"RATE_LIMIT_EXCEEDED","ip":"::1","type":"browse","count":306,"limit":300,"windowMs":60000,"url":"/api/ads"}
{"timestamp":"2026-06-09T12:37:40.766Z","event":"RATE_LIMIT_EXCEEDED","ip":"::1","type":"upload","count":39,"limit":10,"windowMs":60000,"url":"/uploads/ads/ad-1780456726799-nwarwp.png"}
{"timestamp":"2026-06-09T12:37:41.316Z","event":"RATE_LIMIT_EXCEEDED","ip":"::1","type":"browse","count":307,"limit":300,"windowMs":60000,"url":"/api/orders?phone=13645653760"}
{"timestamp":"2026-06-09T12:37:41.321Z","event":"RATE_LIMIT_EXCEEDED","ip":"::1","type":"browse","count":308,"limit":300,"windowMs":60000,"url":"/api/wall/my-stats/13645653760"}
{"timestamp":"2026-06-09T12:37:41.322Z","event":"RATE_LIMIT_EXCEEDED","ip":"::1","type":"browse","count":309,"limit":300,"windowMs":60000,"url":"/api/users/13645653760"}
{"timestamp":"2026-06-09T12:37:43.575Z","event":"RATE_LIMIT_EXCEEDED","ip":"::1","type":"browse","count":310,"limit":300,"windowMs":60000,"url":"/app.html"}
{"timestamp":"2026-06-10T05:48:17.862Z","event":"RATE_LIMIT_EXCEEDED","ip":"::1","type":"login","count":11,"limit":10,"windowMs":900000,"url":"/api/login"}
{"timestamp":"2026-06-10T05:48:17.864Z","event":"RATE_LIMIT_EXCEEDED","ip":"::1","type":"login","count":12,"limit":10,"windowMs":900000,"url":"/api/login"}
